attrid	longname	datatp	value	domainid	type	formula	multivalued	optional	profiling	unique	valuetp	
co#IX0030	ID ISIN KUBIX-IB	STRING			1	co#ATTRIBUTE_POP	0	0	1	0		
co#IX0034	MSCI COUNTRY	ASSOCIATED		co_MSCI_COUNTRY	1	co#ATTRIBUTE_POP	0	0	1	0		
co#MON001	MONITORING WM IERUN START	DATETIME			1		0	0	1	0		
co#MON002	MONITORING WM IERUN END	DATETIME			1		0	0	1	0		
co#MON003	MONITORING BB IERUN START	DATETIME			1		0	0	1	0		
co#MON004	MONITORING BB IERUN END	DATETIME			1		0	0	1	0		
co#MON005	AVAILABLE TABTABLE HASHES	ASSOCIATED		co_AVAIL_TABTABLE_HASH	0		0	0	0	0		
co#MON006	MONITORING TABTABLE HASHES	COMPOUND			1	co#HASH_MONITOR_POP	0	0	0	0		
co#MON007	WFS NOTIFICATION HEARTBEAT	DATETIME			0		0	0	1	0		
co#MON008	WFS NOTIF EVNTHNDLR HEARTBEAT	DATETIME			0		0	0	1	0		
co#MON009	WFS NOTIFIER ONDEMAND CHECK	STRING			0		0	0	0	0		
co#UIA000	UWID	STRING			1	co#ATTRIBUTE_POP	0	0	1	0		
co#UIA001	UWID OLD	STRING			0		0	0	1	0		
co#UIA002	CREDIT_CASHFLOW	COMPOUND			1	co#ATTRIBUTE_POP	0	0	1	0		
co#UIA003	CONSOLIDATION SOURCES BACKUP	COMPOUND			1	co#ATTRIBUTE_POP	0	0	1	0		
co#UIA004	BESTAND Portfolio-Swap	INTEGER			1	co#ATTRIBUTE_POP	0	0	1	0		
co#UIA005	BESTAND Portfolio-Swap SEIT	DATE			1	co#ATTRIBUTE_POP	0	0	1	0		
co#UIA006	BESTAND Portfolio-Swap BIS	DATE			1	co#ATTRIBUTE_POP	0	0	1	0		
co#UIA007	ANY VERSANDFLAG FLAG	ASSOCIATED		co_JN_FLAG	1	co#ATTRIBUTE_POP	0	0	1	0		
co#UIA025	ADO SPLITTED	STRING			1	co#ATTRIBUTE_POP	0	0	1	0		
co#UIA028	COMMENT	STRING			1	co#ATTRIBUTE_POP	0	0	1	0		
co#UIA029	ADO CATEGORY	ASSOCIATED		co_ADOCATEGORY	1	co#ATTRIBUTE_POP	0	0	1	0		
co#UIA040	CLASS INSTRUMENT TYPE	ASSOCIATED		co_CLASS_INSTRUMENT_TYPE	1	co#ATTRIBUTE_POP	0	0	1	0		
co#UIA041	CLASS INTEREST RATE	ASSOCIATED		co_CLASS_INTEREST_RATE	1	co#ATTRIBUTE_POP	0	0	1	0		
co#UIA042	CLASS REDEMPTION	ASSOCIATED		co_CLASS_REDEMPTION	1	co#ATTRIBUTE_POP	0	0	1	0		
co#UIA043	CLASS CONVERTIBILITY	ASSOCIATED		co_CLASS_CONVERTIBILITY	1	co#ATTRIBUTE_POP	0	0	1	0		
co#UIA044	CLASS CALLABLE	ASSOCIATED		co_CLASS_OPTION	1	co#ATTRIBUTE_POP	0	0	1	0		
co#UIA045	CLASS PUTABLE	ASSOCIATED		co_CLASS_OPTION	1	co#ATTRIBUTE_POP	0	0	1	0		
co#UIA046	CLASS CAP FLOOR	ASSOCIATED		co_CLASS_CAP_FLOOR	1	co#ATTRIBUTE_POP	0	0	1	0		
co#UIA047	CLASS MULTI CURRENCY	ASSOCIATED		co_CLASS_MULTI_CURRENCY	1	co#ATTRIBUTE_POP	0	0	1	0		
co#UIA048	CLASS SPECIAL CALL	ASSOCIATED		co_CLASS_SPECIAL_CALL	1	co#ATTRIBUTE_POP	0	0	1	0		
co#UIA061	RESET COMPOUND	COMPOUND			1	co#ATTRIBUTE_POP	0	0	1	0		
co#UIA061B	RESET COMPOUND BACKUP	COMPOUND			1	co#ATTRIBUTE_POP	0	0	1	0		
co#UIA062	ISSUER RATING COMPOUND	COMPOUND			1	co#ATTRIBUTE_POP	0	0	1	0		
co#UIA066	BRANCHEN COMPOUND EMITTENT	COMPOUND			1	co#ATTRIBUTE_POP	0	0	1	0		
co#UIA067	POOL FACTOR COMPOUND	COMPOUND			1	co#ATTRIBUTE_POP	0	0	1	0		
co#UIA067B	POOL FACTOR COMPOUND BACKUP	COMPOUND			1	co#ATTRIBUTE_POP	0	0	1	0		
co#UIA068	SECURITY RATING COMPOUND	COMPOUND			1	co#ATTRIBUTE_POP	0	0	1	0		
co#UIA069	UNDERLYING UWIDS COMPOUND	COMPOUND			1	co#ATTRIBUTE_POP	0	0	1	0		
co#UIA070	ENTITLEMENT DATE	DATE			1	co#ATTRIBUTE_POP	0	0	1	0		
co#UIA071	TRIGGER MANUELL	INTEGER			1	co#ATTRIBUTE_POP	0	0	1	0		
co#UIA100	UNION KLASSIFIZIERUNG 1	STRING			1	co#ATTRIBUTE_POP	0	0	1	0		
co#UIA101	UNION KLASSIFIZIERUNG 2	STRING			1	co#ATTRIBUTE_POP	0	0	1	0		
co#UIA102	UNION KLASSIFIZIERUNG 3	STRING			1	co#ATTRIBUTE_POP	0	0	1	0		
co#UIA103	UNION KLASSIFIZIERUNG 4	STRING			1	co#ATTRIBUTE_POP	0	0	1	0		
co#UIA104	UNION KLASSIFIZIERUNG 5	STRING			1	co#ATTRIBUTE_POP	0	0	1	0		
co#UIA105	UNION KLASSIFIZIERUNG 6	STRING			1	co#ATTRIBUTE_POP	0	0	1	0		
co#UIA106	UNION KLASSIFIZIERUNG 7	STRING			1	co#ATTRIBUTE_POP	0	0	1	0		
co#UIA107	UNION KLASSIFIZIERUNG 8	STRING			1	co#ATTRIBUTE_POP	0	0	1	0		
co#UIA108	UNION KLASSIFIZIERUNG 9	STRING			1	co#ATTRIBUTE_POP	0	0	1	0		
co#UIA109	UNION KLASSIFIZIERUNG 10	STRING			1	co#ATTRIBUTE_POP	0	0	1	0		
co#UIA110	UNION KLASSIFIZIERUNG 11	STRING			1	co#ATTRIBUTE_POP	0	0	1	0		
co#UIA111	UNION KLASSIFIZIERUNG 12	STRING			1	co#ATTRIBUTE_POP	0	0	1	0		
co#UIA112	VERSANDFLAG MULTIFONDS	ASSOCIATED		co_VERSANDFLAG	1	co#ATTRIBUTE_POP	0	0	1	0		
co#UIA113	VERSANDFLAG CRIMS	ASSOCIATED		co_VERSANDFLAG	1	co#ATTRIBUTE_POP	0	0	1	0		
co#UIA114	VERSANDFLAG RES 5	ASSOCIATED		co_VERSANDFLAG	1	co#ATTRIBUTE_POP	0	0	1	0		
co#UIA115	VERSANDFLAG ORADIS	ASSOCIATED		co_VERSANDFLAG	1	co#ATTRIBUTE_POP	0	0	1	0		
co#UIA116	VERSANDFLAG ALGORITHMICS	ASSOCIATED		co_VERSANDFLAG	1	co#ATTRIBUTE_POP	0	0	1	0		
co#UIA117	VERSANDFLAG EAI	ASSOCIATED		co_VERSANDFLAG	1	co#ATTRIBUTE_POP	0	0	1	0		
co#UIA118	VERSANDFLAG STATPRO	ASSOCIATED		co_VERSANDFLAG	1	co#ATTRIBUTE_POP	0	0	1	0		
co#UIA119	VERSANDFLAG DASKA	ASSOCIATED		co_VERSANDFLAG	1	co#ATTRIBUTE_POP	0	0	1	0		
co#UIA120	VERSANDFLAG UFSFT	ASSOCIATED		co_VERSANDFLAG	1	co#ATTRIBUTE_POP	0	0	1	0		
co#UIA121	VERSANDFLAG SAP-BW	ASSOCIATED		co_VERSANDFLAG	1	co#ATTRIBUTE_POP	0	0	1	0		
co#UIA122	TRIGGERFLAG	ASSOCIATED		co_JN_FLAG	1	co#ATTRIBUTE_POP	0	0	1	0		
co#UIA123	BESTAND MULTIFONDS	INTEGER			1	co#ATTRIBUTE_POP	0	0	1	0		
co#UIA124	BESTAND MULTIFONDS SEIT	DATE			1	co#ATTRIBUTE_POP	0	0	1	0		
co#UIA125	BESTAND MULTIFONDS BIS	DATE			1	co#ATTRIBUTE_POP	0	0	1	0		
co#UIA126	BESTAND ALGORITHMICS	INTEGER			1	co#ATTRIBUTE_POP	0	0	1	0		
co#UIA127	BESTAND ALGORITHMICS SEIT	DATE			1	co#ATTRIBUTE_POP	0	0	1	0		
co#UIA128	BESTAND ALGORITHMICS BIS	DATE			1	co#ATTRIBUTE_POP	0	0	1	0		
co#UIA131	FREIGABE AUSSCHLUSS	ASSOCIATED		co_JN_FLAG	1	co#ATTRIBUTE_POP	0	0	1	0		
co#UIA132	FREIGABE KOMMENTAR	STRING			1	co#ATTRIBUTE_POP	0	0	1	0		
co#UIA133	BESTAND CRTS	INTEGER			1	co#ATTRIBUTE_POP	0	0	1	0		
co#UIA134	BESTAND CRTS SEIT	DATE			1	co#ATTRIBUTE_POP	0	0	1	0		
co#UIA135	BESTAND CRTS BIS	DATE			1	co#ATTRIBUTE_POP	0	0	1	0		
co#UIA136	BESTAND IX	INTEGER			1	co#ATTRIBUTE_POP	0	0	1	0		
co#UIA137	BESTAND IX SEIT	DATE			1	co#ATTRIBUTE_POP	0	0	1	0		
co#UIA138	BESTAND IX BIS	DATE			1	co#ATTRIBUTE_POP	0	0	1	0		
co#UIA139	VERSANDFLAG ASSET CONTROL MODUL KURSVERSORGUNG	ASSOCIATED		co_VERSANDFLAG	1	co#ATTRIBUTE_POP	0	0	1	0		
co#UIA140	VERSANDFLAG DIAMOS MO	ASSOCIATED		co_VERSANDFLAG	1	co#ATTRIBUTE_POP	0	0	1	0		
co#UIA141	VERSANDFLAG DMS-FOF	ASSOCIATED		co_VERSANDFLAG	1	co#ATTRIBUTE_POP	0	0	1	0		
co#UIA142	VERSANDFLAG FIRST	ASSOCIATED		co_VERSANDFLAG	1	co#ATTRIBUTE_POP	0	0	1	0		
co#UIA143	VERSANDFLAG FONDSPROFILER	ASSOCIATED		co_VERSANDFLAG	1	co#ATTRIBUTE_POP	0	0	1	0		
co#UIA144	VERSANDFLAG GAA	ASSOCIATED		co_VERSANDFLAG	1	co#ATTRIBUTE_POP	0	0	1	0		
co#UIA145	VERSANDFLAG IP CONCEPT	ASSOCIATED		co_VERSANDFLAG	1	co#ATTRIBUTE_POP	0	0	1	0		
co#UIA146	VERSANDFLAG NEMESYS	ASSOCIATED		co_VERSANDFLAG	1	co#ATTRIBUTE_POP	0	0	1	0		
co#UIA147	VERSANDFLAG PROVOX	ASSOCIATED		co_VERSANDFLAG	1	co#ATTRIBUTE_POP	0	0	1	0		
co#UIA148	VERSANDFLAG RAQUEST	ASSOCIATED		co_VERSANDFLAG	1	co#ATTRIBUTE_POP	0	0	1	0		
co#UIA149	VERSANDFLAG RES 6	ASSOCIATED		co_VERSANDFLAG	1	co#ATTRIBUTE_POP	0	0	1	0		
co#UIA150	FREIGABE AUSSCHLUSS EXPORT ALGO	ASSOCIATED		co_JN_FLAG	1	co#ATTRIBUTE_POP	0	0	1	0		
co#UIA151	VERSANDFLAG CDC	ASSOCIATED		co_VERSANDFLAG	1	co#ATTRIBUTE_POP	0	0	1	0		
co#UIA152	UNDERLYING ASIAN RISKCONTROL	COMPOUND			1	co#ATTRIBUTE_POP	0	0	1	0		
co#UIA153	VALUATION DATES	COMPOUND			1	co#ATTRIBUTE_POP	0	0	1	0		
co#UIA154	AVAILABLE SOURCES	STRING			1	co#ATTRIBUTE_POP	0	0	1	0		
co#UIA155	MULTIFONDS VERSAND NOTIFIERFLAG	ASSOCIATED		co_JN_FLAG	1	co#ATTRIBUTE_POP	0	0	1	0		
co#UIA156	BESTAND SAP-BW	INTEGER			1	co#ATTRIBUTE_POP	0	0	1	0		
co#UIA157	BESTAND SAP-BW SEIT	DATE			1	co#ATTRIBUTE_POP	0	0	1	0		
co#UIA158	BESTAND SAP-BW BIS	DATE			1	co#ATTRIBUTE_POP	0	0	1	0		
co#UIC002	MF OPERATION CODE	ASSOCIATED		co_MF_OPERATION_CODE	1	co#ATTRIBUTE_POP	0	0	1	0		
co#UIC003	CORPORATE ACTION CATEGORY	ASSOCIATED		co_CA_CATEGORY	1	co#ATTRIBUTE_POP	0	0	1	0		
co#UIC004	STEUERART	ASSOCIATED		co_WM_STEUERART	1	co#ATTRIBUTE_POP	0	0	1	0		
co#UIC005	KOEST MINDERUNGSBETRAG	FLOAT			1	co#ATTRIBUTE_POP	0	0	1	0		
co#UIC006	ERTRAG HALBEINKUENFTEVERFAHREN	FLOAT			1	co#ATTRIBUTE_POP	0	0	1	0		
co#UIC007	FIKTIVE QUELLENSTEUER	FLOAT			1	co#ATTRIBUTE_POP	0	0	1	0		
co#UIC008	RUECKFORDERBARE QUELLENST	FLOAT			1	co#ATTRIBUTE_POP	0	0	1	0		
co#UIC010	WAEHRUNG INVESTMENT	ASSOCIATED		co_CURRENCY_INVESTMENT	1	co#ATTRIBUTE_POP	0	0	1	0		
co#UIC011	DIVIDENDENANTEIL HEV	FLOAT			1	co#ATTRIBUTE_POP	0	0	1	0		
co#UIC012	STEUERPFL KEST PV	FLOAT			1	co#ATTRIBUTE_POP	0	0	1	0		
co#UIC013	ANRECHENBARE QST PB	FLOAT			1	co#ATTRIBUTE_POP	0	0	1	0		
co#UIC014	AUSLAENDISCHE EST 100	FLOAT			1	co#ATTRIBUTE_POP	0	0	1	0		
co#UIC015	AUSLAENDISCHE EST 50	FLOAT			1	co#ATTRIBUTE_POP	0	0	1	0		
co#UIC016	ERTRAG INKL PV	FLOAT			1	co#ATTRIBUTE_POP	0	0	1	0		
co#UIC018	ZAST BETRAG	FLOAT			1	co#ATTRIBUTE_POP	0	0	1	0		
co#UIC019	SECURITY DESCRIPTION	STRING			1	co#ATTRIBUTE_POP	0	0	1	0		
co#UIC020	REDUCED WITHHOLDING TAX	FLOAT			1	co#ATTRIBUTE_POP	0	0	1	0		
co#UIC021	DIVIDEND AMOUNT	FLOAT			1	co#ATTRIBUTE_POP	0	0	1	0		
co#UIC022	DIVIDEND TYPE	ASSOCIATED		co_WM_DIVIDENDTYPE	1	co#ATTRIBUTE_POP	0	0	1	0		
co#UIC023	GESELLSCHAFTSRECHTLICHE VORG K	ASSOCIATED		co_GES_VORGAENGE	1	co#ATTRIBUTE_POP	0	0	1	0		
co#UIC024	GESELLSCHAFTSRECHTLICHE VORG U	ASSOCIATED		co_GES_VORGAENGE	1	co#ATTRIBUTE_POP	0	0	1	0		
co#UIC025	STORNO KENNZEICHEN	ASSOCIATED		co_JN_FLAG	1	co#ATTRIBUTE_POP	0	0	1	0		
co#UIC026	WM ERTRAEGNISAUSSCHUETTUNG	ASSOCIATED		co_JN_FLAG	1	co#ATTRIBUTE_POP	0	0	1	0		
co#UIC027	KZ GES. VORGAENGE KD087_1	ASSOCIATED		co_KZ_GES_VORGAENGE	1	co#ATTRIBUTE_POP	0	0	1	0		
co#UIC028	DIV.-ZAHLUNGSART	ASSOCIATED		co_DIVIDENDEN_ZAHLUNGSART	1	co#ATTRIBUTE_POP	0	0	1	0		
co#UIC029	UV ZAEHLER DEUTSCH	FLOAT			1	co#ATTRIBUTE_POP	0	0	1	0		
co#UIC030	UV NENNER DEUTSCH	FLOAT			1	co#ATTRIBUTE_POP	0	0	1	0		
co#UIC031	NEW WP UWID	STRING			1	co#ATTRIBUTE_POP	0	0	1	0		
co#UIC032	NEW CA UNDERLYING LINK	ADO			1	co#ATTRIBUTE_POP	0	0	1	0		
co#UIC033	TRENNVERH. ZAEHLER	FLOAT			1	co#ATTRIBUTE_POP	0	0	1	0		
co#UIC034	TRENNVERH. NENNER	FLOAT			1	co#ATTRIBUTE_POP	0	0	1	0		
co#UIC035	UMT./BARABF.METH	ASSOCIATED		co_UMT_BARABF	1	co#ATTRIBUTE_POP	0	0	1	0		
co#UIC036	ANZ.MOEGLICHKEITEN	ASSOCIATED		co_ANZ_MOEGLICHKEITEN	1	co#ATTRIBUTE_POP	0	0	1	0		
co#UIC037	EX DATE FORECAST	DATE			1	co#ATTRIBUTE_POP	0	0	1	0		
co#UIC038	STEUERPFL_VORABGABE_EUR	FLOAT			1	co#ATTRIBUTE_POP	0	0	1	0		
co#UIC039	STEUERPFL_VORABGABE	FLOAT			1	co#ATTRIBUTE_POP	0	0	1	0		
co#UIC040	SUBSTANZAUSCHUETTUNG	FLOAT			1	co#ATTRIBUTE_POP	0	0	1	0		
co#UIC041	STFR SA IF ABW	FLOAT			1	co#ATTRIBUTE_POP	0	0	1	0		
co#UIC042	KZ NULLMELDUNG STPFL.VP I. EURO	ASSOCIATED		co#KZ_NULLMELDUNG	1	co#ATTRIBUTE_POP	0	0	1	0		
co#UII001	EMITTENTEN TYP	ASSOCIATED		co_EMITTENTEN_TYP	1	co#ATTRIBUTE_POP	0	0	1	0		
co#UII002	WM BRANCHE EMITTENT	ASSOCIATED		co_WM_BRANCHE	1	co#ATTRIBUTE_POP	0	0	1	0		
co#UII003	KATEGORIE	ASSOCIATED		co_KATEGORIE	1	co#ATTRIBUTE_POP	0	0	1	0		
co#UII004	ENGLISCHE EMITTENTENBEZEICHNUNG	STRING			1	co#ATTRIBUTE_POP	0	0	1	0		
co#UII005	GESAMTANZAHL STIMMRECHTE EMITTENT	FLOAT			1	co#ATTRIBUTE_POP	0	0	1	0		
co#UII006	HAFTENDES EIGENKAPITAL	FLOAT			1	co#ATTRIBUTE_POP	0	0	1	0		
co#UII007	WAEHRUNG HAFT EK	ASSOCIATED		co_CURRENCY_HEK	1	co#ATTRIBUTE_POP	0	0	1	0		
co#UII008	KURZKURZNAME EM	STRING			1	co#ATTRIBUTE_POP	0	0	1	0		
co#UII009	LANGLANGNAME EM	STRING			1	co#ATTRIBUTE_POP	0	0	1	0		
co#UII016	ADRESSE ORT	STRING			1	co#ATTRIBUTE_POP	0	0	1	0		
co#UII018	KONZERN UWID	STRING			1	co#ATTRIBUTE_POP	0	0	1	0		
co#UII019	DPG BRANCHE EMITTENT	ASSOCIATED		co_DPG_BRANCHE	1	co#ATTRIBUTE_POP	0	0	1	0		
co#UII023	BRANCHEN COMPOUND SECURITY	COMPOUND			1	co#ATTRIBUTE_POP	0	0	1	0		
co#UII027	KONZERN ADO LINK	ADO			1	co#ATTRIBUTE_POP	0	0	1	0		
co#UII028	SWAP ID	STRING			1	co#ATTRIBUTE_POP	0	0	1	0		
co#UII030	BIC CODE	STRING			1	co#ATTRIBUTE_POP	0	0	1	0		
co#UII031	BLOOMBERG ISSUER INDUSTRY	ASSOCIATED		co_BB_ISSUER_INDUSTRY	1	co#ATTRIBUTE_POP	0	0	1	0		
co#UII032	PARENT COMPANY NAME	STRING			1	co#ATTRIBUTE_POP	0	0	1	0		
co#UII033	PARENT COMPANY TICKER	STRING			1	co#ATTRIBUTE_POP	0	0	1	0		
co#UII034	GESAMTEMISSIONSVOLUMEN EMITTENT	COMPOUND			1	co#ATTRIBUTE_POP	0	0	1	0		
co#UII035	LEI EMITTENT	STRING			1	co#ATTRIBUTE_POP	0	0	1	0		
co#UII036	GRUNDKAPITAL EMITTENT	FLOAT			1	co#ATTRIBUTE_POP	0	0	1	0		
co#UII037	EU SANKTIONEN RUSSLAND	ASSOCIATED		co_JN_FLAG	1	co#ATTRIBUTE_POP	0	0	1	0		
co#UII038	UNION EMITTENTEN RATING	ASSOCIATED		co_SP_RATING	1	co#ATTRIBUTE_POP	0	0	1	0		
co#UII050	KONZERNBRANCHE GICS 1	ASSOCIATED		co_GICS_SECTOR	1	co#ATTRIBUTE_POP	0	0	1	0		
co#UII051	KONZERNBRANCHE GICS 2	ASSOCIATED		co_GICS_INDUSTRY_GROUP	1	co#ATTRIBUTE_POP	0	0	1	0		
co#UII052	KONZERNBRANCHE ML 1	ASSOCIATED		co_MLB_ASSET_CLASS	1	co#ATTRIBUTE_POP	0	0	1	0		
co#UII053	KONZERNBRANCHE ML 2	ASSOCIATED		co_MLB_GROUP	1	co#ATTRIBUTE_POP	0	0	1	0		
co#UII054	KZ SUPRAS MIT EU BETEILIGUNG	ASSOCIATED		co_JN_FLAG	1	co#ATTRIBUTE_POP	0	0	1	0		
co#UII055	KONZERNBRANCHE GICS 3	ASSOCIATED		co_GICS_INDUSTRY	1	co#ATTRIBUTE_POP	0	0	1	0		
co#UII056	KONZERNBRANCHE GICS 4	ASSOCIATED		co_GICS_SUBINDUSTRY	1	co#ATTRIBUTE_POP	0	0	1	0		
co#UII072	AVERAGE RATING LONGTERM	INTEGER			1	co#ATTRIBUTE_POP	0	0	1	0		
co#UII073	AVERAGE RATING SHORTTERM	INTEGER			1	co#ATTRIBUTE_POP	0	0	1	0		
co#UII477	ISSUER BASIC TYPE	ASSOCIATED		co#ISSUER_BASIC_TYPE	1	co#ATTRIBUTE_POP	0	0	1	0		
co#UII479	WM BRANCHE EMITTENT Z29	ASSOCIATED		co_WM_BRANCHE_Z29	1	co#ATTRIBUTE_POP	0	0	1	0		
co#UII480	GENOVERBUND	ASSOCIATED		co_GENO	1	co#ATTRIBUTE_POP	0	0	1	0		
co#UII481	BVR SICHERUNG	ASSOCIATED		co_JN_FLAG	1	co#ATTRIBUTE_POP	0	0	1	0		
co#UII501	BOERSENNOTIERT	ASSOCIATED		co_JN_FLAG	1	co#ATTRIBUTE_POP	0	0	1	0		
co#UII502	ANZAHL STIMMRECHTSAKTIEN	FLOAT			1		0	0	1	0		
co#UII503	ANZAHL NICHT-STIMMRECHTSAKTIEN	FLOAT			1	co#ATTRIBUTE_POP	0	0	1	0		
co#UII505	IMUG POLICY SCORES	COMPOUND			1		0	0	1	0		
co#UII700	RED CODE EMITTENT	STRING			1	co#ATTRIBUTE_POP	0	0	1	0		
co#UII726	CRESTA SCORE	ASSOCIATED		co_COMPOSITE_RATING_AGENTUREN	1	co#ATTRIBUTE_POP	0	0	1	0		
co#UII727	RISIKO LAND UNION	ASSOCIATED		co_COUNTRY_CODE	1	co#ATTRIBUTE_POP	0	0	1	0		
co#UII728	MELDELAND	ASSOCIATED		co_COUNTRY_CODE	1	co#ATTRIBUTE_POP	0	0	1	0		
co#UII729	MASTER SECURITY UWID	STRING			1	co#ATTRIBUTE_POP	0	0	1	0		
co#UII730	MASTER SECURITY ADO LINK	ADO			1	co#ATTRIBUTE_POP	0	0	1	0		
co#UIS001	CODE STATESTREET	STRING			1	co#ATTRIBUTE_POP	0	0	1	0		
co#UIS002	DZI CODE	STRING			1	co#ATTRIBUTE_POP	0	0	1	0		
co#UIS003	KURZKURZNAME WP	STRING			1	co#ATTRIBUTE_POP	0	0	1	0		
co#UIS004	LANGLANGNAME WP	STRING			1	co#ATTRIBUTE_POP	0	0	1	0		
co#UIS007	LANGNAME	STRING			1	co#ATTRIBUTE_POP	0	0	1	0		
co#UIS009	GTI CODE	ASSOCIATED		co_GTI_CODE	1	co#ATTRIBUTE_POP	0	0	1	0		
co#UIS010	REPORTING CODE	ASSOCIATED		co_REPORTING_CODE	1	co#ATTRIBUTE_POP	0	0	1	0		
co#UIS011	IML CODE	ASSOCIATED		co_IML_CODE	1	co#ATTRIBUTE_POP	0	0	1	0		
co#UIS012	BOND TYPE	ASSOCIATED		co_BOND_TYPE	1	co#ATTRIBUTE_POP	0	0	1	0		
co#UIS013	ETF UNDERLYING TICKER	STRING			1	co#ATTRIBUTE_POP	0	0	1	0		
co#UIS014	UNDERLYING UWID ETF	STRING			1	co#ATTRIBUTE_POP	0	0	1	0		
co#UIS015	GREED BOND	ASSOCIATED		co_JN_FLAG	1	co#ATTRIBUTE_POP	0	0	1	0		
co#UIS016	EMISSIONSRENDITE	FLOAT			1	co#ATTRIBUTE_POP	0	0	1	0		
co#UIS017	KAPITALFORDERUNG MIT EMISSIONSRENDITE	ASSOCIATED		co#KAPF_M_EMISSIONSRENDIT	1	co#ATTRIBUTE_POP	0	0	1	0		
co#UIS018	B�RSENNOTIERUNG �7 ABS.3 (GD135)	ASSOCIATED		co_JN_FLAG	1	co#ATTRIBUTE_POP	0	0	1	0		
co#UIS019	KZ BOERSENFAEHIGKEIT	ASSOCIATED		co_BOERSENFAEHIG	1	co#ATTRIBUTE_POP	0	0	1	0		
co#UIS020	KZ NEUEMISSION	ASSOCIATED		co_JN_FLAG	1	co#ATTRIBUTE_POP	0	0	1	0		
co#UIS025	SOLVASATZ PROZENT	FLOAT			1	co#ATTRIBUTE_POP	0	0	1	0		
co#UIS026	SOLVASATZ DATUM	DATETIME			1	co#ATTRIBUTE_POP	0	0	1	0		
co#UIS027	ERSTE ZINSTERMIN LFD JAHR	DATE			1	co#ATTRIBUTE_POP	0	0	1	0		
co#UIS033	STRIKE CURRENCY	ASSOCIATED		co_CURRENCY_STRIKE	1	co#ATTRIBUTE_POP	0	0	1	0		
co#UIS034	BEZUGSVERHAELTNIS ZAEHLER	FLOAT			1	co#ATTRIBUTE_POP	0	0	1	0		
co#UIS035	BEZUGSVERHAELTNIS NENNER	FLOAT			1	co#ATTRIBUTE_POP	0	0	1	0		
co#UIS036	ANRECHNUNGSFAKTOR	ASSOCIATED		co_ANRECHNUNGSFAKTOR	1	co#ATTRIBUTE_POP	0	0	1	0		
co#UIS037	NOTIERUNGSART	ASSOCIATED		co_NOTIERUNGSART	1	co#ATTRIBUTE_POP	0	0	1	0		
co#UIS038	FIKTIVE QUELLENSTEUER	FLOAT			1	co#ATTRIBUTE_POP	0	0	1	0		
co#UIS039	WOREG PAYMENT CODE	ASSOCIATED		co_WOREG	1	co#ATTRIBUTE_POP	0	0	1	0		
co#UIS040	DSCR WEIGHTED AVG	FLOAT			1	co#ATTRIBUTE_POP	0	0	1	0		
co#UIS041	COLLATERAL LTV WEIGHTED AVG	FLOAT			1	co#ATTRIBUTE_POP	0	0	1	0		
co#UIS042	PRICINGBOERSEN CODE	ASSOCIATED		co_PRICINGBOERSE	1	co#ATTRIBUTE_POP	0	0	1	0		
co#UIS045	ISSUER IDENTIFICATION CODE	STRING			1	co#ATTRIBUTE_POP	0	0	1	0		
co#UIS046	EMITTENTEN UWID	STRING			1	co#ATTRIBUTE_POP	0	0	1	0		
co#UIS047	EMITTENTEN KUERZEL	STRING			1	co#ATTRIBUTE_POP	0	0	1	0		
co#UIS048	NDS NUMMER	INTEGER			1	co#ATTRIBUTE_POP	0	0	1	0		
co#UIS049	VERWALTUNGSVERGUETUNGSSATZ	FLOAT			1	co#ATTRIBUTE_POP	0	0	1	0		
co#UIS050	NAECHSTER ZINSTERMIN	DATE			1	co#ATTRIBUTE_POP	0	0	1	0		
co#UIS051	UWID PAYABLE	STRING			1	co#ATTRIBUTE_POP	0	0	1	0		
co#UIS052	UWID RECEIVABLE	STRING			1	co#ATTRIBUTE_POP	0	0	1	0		
co#UIS055	UNDERLYING COUNTRY	ASSOCIATED		co_COUNTRY_ISSUER	1	co#ATTRIBUTE_POP	0	0	1	0		
co#UIS056	UNDERLYING RISK COUNTRY	ASSOCIATED		co_COUNTRY_ISSUER	1	co#ATTRIBUTE_POP	0	0	1	0		
co#UIS057	KONTRAKTGROESSE	FLOAT			1	co#ATTRIBUTE_POP	0	0	1	0		
co#UIS058	KZ WIEDERVERBRIEFUNG	ASSOCIATED		co#KZ_WIEDERVERBRIEF	1	co#ATTRIBUTE_POP	0	0	1	0		
co#UIS059	AWV BRANCHEN CODE	ASSOCIATED		co_AWV_CODE	1	co#ATTRIBUTE_POP	0	0	1	0		
co#UIS060	SINGLE CALL DATE	DATE			1	co#ATTRIBUTE_POP	0	0	1	0		
co#UIS061	CLASSIFICATION	ASSOCIATED		co_CLASSIFICATION	1	co#ATTRIBUTE_POP	0	0	1	0		
co#UIS062	RANG	ASSOCIATED		co#RANG	1	co#ATTRIBUTE_POP	0	0	1	0		
co#UIS063	SPECIAL COUPONS	ASSOCIATED		co_SPECIAL_COUPONS	1	co#ATTRIBUTE_POP	0	0	1	0		
co#UIS064	SPECIAL PAYMENT	ASSOCIATED		co_SPECIAL_PAYMENT	1	co#ATTRIBUTE_POP	0	0	1	0		
co#UIS065	RANG BEI VERBRIEFUNG	ASSOCIATED		co#RANG_BEI_VERBR	1	co#ATTRIBUTE_POP	0	0	1	0		
co#UIS066	EMISSIONSRENDITE	FLOAT			1		0	0	1	0		
co#UIS067	UNION EMISSIONEN RATING	ASSOCIATED		co_SP_RATING	1	co#ATTRIBUTE_POP	0	0	1	0		
co#UIS068	GESCHAETZTE FTL.KOSTEN(P.FV)	COMPOUND			1	co#ATTRIBUTE_POP	0	0	1	0		
co#UIS069	EMITTENT ADO LINK	ADO			1	co#ATTRIBUTE_POP	0	0	1	0		
co#UIS070	CASHFLOW COMPOUND	COMPOUND			1	co#ATTRIBUTE_POP	0	0	1	0		
co#UIS070B	CASHFLOW COMPOUND BACKUP	COMPOUND			1	co#ATTRIBUTE_POP	0	0	1	0		
co#UIS072	ZINSLAUF START	DATE			1	co#ATTRIBUTE_POP	0	0	1	0		
co#UIS073	ZINSABSCHLAGSTEUER	ASSOCIATED		co_ZAST	1	co#ATTRIBUTE_POP	0	0	1	0		
co#UIS074	ZAST BEI VERAEUSSERUNG	ASSOCIATED		co_ZAST_VERAEUSSERUNG	1	co#ATTRIBUTE_POP	0	0	1	0		
co#UIS075	ANWENDUNG INVSTG	ASSOCIATED		co_INVST	1	co#ATTRIBUTE_POP	0	0	1	0		
co#UIS076	GESCHAEFTSJAHR BEGINN	STRING			1	co#ATTRIBUTE_POP	0	0	1	0		
co#UIS077	GESCHAEFTSJAHR ENDE	STRING			1	co#ATTRIBUTE_POP	0	0	1	0		
co#UIS078	SOLVENCY2 CIC	ASSOCIATED		co#FA2	1	co#ATTRIBUTE_POP	0	0	1	0		
co#UIS087	DERIVATIVE UNDERLYING UWID	STRING			1	co#ATTRIBUTE_POP	0	0	1	0		
co#UIS088	CA UNDERLYING UWID	STRING			1	co#ATTRIBUTE_POP	0	0	1	0		
co#UIS089	DERIVATE UNDERLYING ADO LINK	ADO			1	co#ATTRIBUTE_POP	0	0	1	0		
co#UIS090	CA UNDERLYING LINK	ADO			1	co#ATTRIBUTE_POP	0	0	1	0		
co#UIS091	LAUFENDE FONDSKOSTEN	COMPOUND			1	co#ATTRIBUTE_POP	0	0	1	0		
co#UIS092	TRANSAKTIONSKOSTEN (FONDS)	COMPOUND			1	co#ATTRIBUTE_POP	0	0	1	0		
co#UIS093	ANL.-BEZ.KOST.FONDS	COMPOUND			1	co#ATTRIBUTE_POP	0	0	1	0		
co#UIS094	EMISSIONSBETRAG	FLOAT			1	co#ATTRIBUTE_POP	0	0	1	0		
co#UIS095	EMISSIONSSTUECKE	FLOAT			1	co#ATTRIBUTE_POP	0	0	1	0		
co#UIS096	EMISSIONSWAEHRUNG	ASSOCIATED		co_CURRENCY_EMISSION	1	co#ATTRIBUTE_POP	0	0	1	0		
co#UIS097	COUNTRY CODE VIA ISSUER	ASSOCIATED		co_COUNTRY_ISSUER	1	co#ATTRIBUTE_POP	0	0	1	0		
co#UIS099	ZINSTERMIN TAG	ASSOCIATED		co_ZINSTERMIN_TAG	1	co#ATTRIBUTE_POP	0	0	1	0		
co#UIS100	ZINSTERMIN MONAT	ASSOCIATED		co_ZINSTERMIN_MONAT	1	co#ATTRIBUTE_POP	0	0	1	0		
co#UIS103	KUPON AKTUELL	FLOAT			1	co#ATTRIBUTE_POP	0	0	1	0		
co#UIS104	KUPON GUELTIG AB	DATE			1	co#ATTRIBUTE_POP	0	0	1	0		
co#UIS105	UNION LT SECURITY RATING	ASSOCIATED		co_UNION_RATING	1	co#ATTRIBUTE_POP	0	0	1	0		
co#UIS106	UNION LT SECURITY RATING DATE	DATE			1	co#ATTRIBUTE_POP	0	0	1	0		
co#UIS110	STRATEGIE HEDGEFONDS	ASSOCIATED		co_STRATEGIE	1	co#ATTRIBUTE_POP	0	0	1	0		
co#UIS111	KZ RICHTLINIENKONFORM	ASSOCIATED		co_KONFORM_FLAG	1	co#ATTRIBUTE_POP	0	0	1	0		
co#UIS112	KZ EU PASS	ASSOCIATED		co_JN_FLAG	1	co#ATTRIBUTE_POP	0	0	1	0		
co#UIS113	URSPRUNGS EMITTENTENNUMMER	STRING			1	co#ATTRIBUTE_POP	0	0	1	0		
co#UIS114	URSPRUNGSEMITTENT ADO LINK	ADO			1	co#ATTRIBUTE_POP	0	0	1	0		
co#UIS115	URSPRUNGSEMITTENT NAME	STRING			1	co#ATTRIBUTE_POP	0	0	1	0		
co#UIS118	KZ DECKUNGSART	ASSOCIATED		co_WM_DECKUNGSART	1	co#ATTRIBUTE_POP	0	0	1	0		
co#UIS119	WERTPAPIERART WM	ASSOCIATED		co_GD195	1	co#ATTRIBUTE_POP	0	0	1	0		
co#UIS120	WP RISIKOKLASSE	INTEGER			1	co#ATTRIBUTE_POP	0	0	1	0		
co#UIS122	ZERLEGUNGSOPTION UWID	STRING			1	co#ATTRIBUTE_POP	0	0	1	0		
co#UIS124	WANDLUNGSWAEHRUNG	ASSOCIATED		co_CURRENCY_WDL	1	co#ATTRIBUTE_POP	0	0	1	0		
co#UIS126	FONDS DARF IN WERTPAPIERE INVESTIEREN	ASSOCIATED		co_JN_FLAG	1	co#ATTRIBUTE_POP	0	0	1	0		
co#UIS127	FONDS DARF IN GELDMARKTINSTRUMENTE INVESTIEREN	ASSOCIATED		co_JN_FLAG	1	co#ATTRIBUTE_POP	0	0	1	0		
co#UIS128	FONDS DARF IN DERIVATE INVESTIEREN	ASSOCIATED		co_JN_FLAG	1	co#ATTRIBUTE_POP	0	0	1	0		
co#UIS129	FONDS DARF IN BANKGUTHABEN INVESTIEREN	ASSOCIATED		co_JN_FLAG	1	co#ATTRIBUTE_POP	0	0	1	0		
co#UIS130	FONDS DARF IN IMMOBILIEN INVESTIEREN	ASSOCIATED		co_JN_FLAG	1	co#ATTRIBUTE_POP	0	0	1	0		
co#UIS131	FONDS DARF IN INVESTMENTANTEILE INVESTIEREN	ASSOCIATED		co_JN_FLAG	1	co#ATTRIBUTE_POP	0	0	1	0		
co#UIS132	FONDS DARF IN IMMOBILIEN-GESELLSCHAFTEN INVESTIEREN	ASSOCIATED		co_JN_FLAG	1	co#ATTRIBUTE_POP	0	0	1	0		
co#UIS133	FONDS DARF IN STILLE BETEILIGUNGEN INVESTIEREN	ASSOCIATED		co_JN_FLAG	1	co#ATTRIBUTE_POP	0	0	1	0		
co#UIS134	FONDS DARF IN UNTERNEHMENSBETEILIGUNGEN INVESTIEREN	ASSOCIATED		co_JN_FLAG	1	co#ATTRIBUTE_POP	0	0	1	0		
co#UIS135	FONDS DARF IN EDELMETALLE INVESTIEREN	ASSOCIATED		co_JN_FLAG	1	co#ATTRIBUTE_POP	0	0	1	0		
co#UIS136	FONDS DARF IN WARENTERMINKONTRAKTE INVESTIEREN	ASSOCIATED		co_JN_FLAG	1	co#ATTRIBUTE_POP	0	0	1	0		
co#UIS137	FONDS DARF IN PRIVATE EQUITY INVESTIEREN	ASSOCIATED		co_JN_FLAG	1	co#ATTRIBUTE_POP	0	0	1	0		
co#UIS138	FONDSINVESTITION COMPOUND	COMPOUND			1	co#ATTRIBUTE_POP	0	0	1	0		
co#UIS139	AKTIENANTEIL PROZENT	INTEGER			1	co#ATTRIBUTE_POP	0	0	1	0		
co#UIS300	WERTPAPIERART AC ALT	ASSOCIATED		co_WERTPAPIERART	1	co#ATTRIBUTE_POP	0	0	1	0		
co#UIS301	BLOOMBERG INDUSTRY SECTOR	ASSOCIATED		co_BB_INDUSTRY_SECTOR	1	co#ATTRIBUTE_POP	0	0	1	0		
co#UIS302	BLOOMBERG INDUSTRY GROUP	ASSOCIATED		co_BB_INDUSTRY_GROUP	1	co#ATTRIBUTE_POP	0	0	1	0		
co#UIS303	BLOOMBERG INDUSTRY SUBGROUP	ASSOCIATED		co_BB_INDUSTRY_SUBGROUP	1	co#ATTRIBUTE_POP	0	0	1	0		
co#UIS304	INDEX RATIO	FLOAT			1	co#ATTRIBUTE_POP	0	0	1	0		
co#UIS305	CITIGROUP FIXED INCOME INDUSTRY LEVEL	ASSOCIATED		co_CGFI_INDUSTRY_LEVEL	1	co#ATTRIBUTE_POP	0	0	1	0		
co#UIS306	CITIGROUP FIXED INCOME BUSINESS SECTOR	ASSOCIATED		co_CGFI_BUSINESS_SECTOR	1	co#ATTRIBUTE_POP	0	0	1	0		
co#UIS307	IBOXX INDUSTRY	ASSOCIATED		co_ICB_INDUSTRY	1	co#ATTRIBUTE_POP	0	0	1	0		
co#UIS308	IBOXX SUPERSECTOR	ASSOCIATED		co_ICB_SUPERSECTOR	1	co#ATTRIBUTE_POP	0	0	1	0		
co#UIS309	IBOXX SECTOR	ASSOCIATED		co_ICB_SECTOR	1	co#ATTRIBUTE_POP	0	0	1	0		
co#UIS310	IBOXX SUBSECTOR	ASSOCIATED		co_ICB_SUBSECTOR	1	co#ATTRIBUTE_POP	0	0	1	0		
co#UIS311	CITIGROUP EQUITY MACROSECTOR	ASSOCIATED		co_CGE_MACROSECTOR	1	co#ATTRIBUTE_POP	0	0	1	0		
co#UIS312	CITIGROUP EQUITY SECTOR	ASSOCIATED		co_CGE_SECTOR	1	co#ATTRIBUTE_POP	0	0	1	0		
co#UIS313	CITIGROUP EQUITY MICROSECTOR	ASSOCIATED		co_CGE_MICROSECTOR	1	co#ATTRIBUTE_POP	0	0	1	0		
co#UIS314	CITIGROUP EQUITY MACROINDUSTRY	ASSOCIATED		co_CGE_MACROINDUSTRY	1	co#ATTRIBUTE_POP	0	0	1	0		
co#UIS315	CITIGROUP EQUITY INDUSTRY	ASSOCIATED		co_CGE_INDUSTRY	1	co#ATTRIBUTE_POP	0	0	1	0		
co#UIS316	CITIGROUP EQUITY MICROINDUSTRY	ASSOCIATED		co_CGE_MICROINDUSTRY	1	co#ATTRIBUTE_POP	0	0	1	0		
co#UIS317	DEUTSCHE B�RSE SECTOR	ASSOCIATED		co_DBA_SECTOR	1	co#ATTRIBUTE_POP	0	0	1	0		
co#UIS318	DEUTSCHE B�RSE INDUSTRY GROUP	ASSOCIATED		co_DBA_INDUSTRY_GROUP	1	co#ATTRIBUTE_POP	0	0	1	0		
co#UIS319	JP MORGAN INDUSTRY LEVEL 1	ASSOCIATED		co_JPM_INDUSTRY_LEVEL_1	1	co#ATTRIBUTE_POP	0	0	1	0		
co#UIS320	JP MORGAN INDUSTRY LEVEL 2	ASSOCIATED		co_JPM_INDUSTRY_LEVEL_2	1	co#ATTRIBUTE_POP	0	0	1	0		
co#UIS321	JP MORGAN INDUSTRY LEVEL 3	ASSOCIATED		co_JPM_INDUSTRY_LEVEL_3	1	co#ATTRIBUTE_POP	0	0	1	0		
co#UIS322	MERRILL LYNCH ASSET CLASS	ASSOCIATED		co_MLB_ASSET_CLASS	1	co#ATTRIBUTE_POP	0	0	1	0		
co#UIS323	MERRILL LYNCH GROUP	ASSOCIATED		co_MLB_GROUP	1	co#ATTRIBUTE_POP	0	0	1	0		
co#UIS324	MERRILL LYNCH SUBGROUP	ASSOCIATED		co_MLB_SUBGROUP	1	co#ATTRIBUTE_POP	0	0	1	0		
co#UIS325	MERRILL LYNCH DETAIL	ASSOCIATED		co_MLB_DETAIL	1	co#ATTRIBUTE_POP	0	0	1	0		
co#UIS326	MSCI SECTOR	ASSOCIATED		co_GICS_SECTOR	1	co#ATTRIBUTE_POP	0	0	1	0		
co#UIS327	MSCI INDUSTRY GROUP	ASSOCIATED		co_GICS_INDUSTRY_GROUP	1	co#ATTRIBUTE_POP	0	0	1	0		
co#UIS328	MSCI INDUSTRY	ASSOCIATED		co_GICS_INDUSTRY	1	co#ATTRIBUTE_POP	0	0	1	0		
co#UIS329	MSCI SUBINDUSTRY	ASSOCIATED		co_GICS_SUBINDUSTRY	1	co#ATTRIBUTE_POP	0	0	1	0		
co#UIS330	STOXX INDUSTRY	ASSOCIATED		co_ICB_INDUSTRY	1	co#ATTRIBUTE_POP	0	0	1	0		
co#UIS331	STOXX SUPERSECTOR	ASSOCIATED		co_ICB_SUPERSECTOR	1	co#ATTRIBUTE_POP	0	0	1	0		
co#UIS332	STOXX SECTOR	ASSOCIATED		co_ICB_SECTOR	1	co#ATTRIBUTE_POP	0	0	1	0		
co#UIS333	STOXX SUBSECTOR	ASSOCIATED		co_ICB_SUBSECTOR	1	co#ATTRIBUTE_POP	0	0	1	0		
co#UIS334	BLOOMBERG MARKET SECTOR	ASSOCIATED		co_BB_MARKET_SECTOR	1	co#ATTRIBUTE_POP	0	0	1	0		
co#UIS335	KZ MELDEPFLICHTIG	ASSOCIATED		co_JN_FLAG	1	co#ATTRIBUTE_POP	0	0	1	0		
co#UIS336	CALCULATION TYPE BB	ASSOCIATED		co_BB_CALCULATION_TYPE	1	co#ATTRIBUTE_POP	0	0	1	0		
co#UIS337	SINGLE PUT DATE	DATE			1	co#ATTRIBUTE_POP	0	0	1	0		
co#UIS338	SINGLE PUT PRICE	FLOAT			1	co#ATTRIBUTE_POP	0	0	1	0		
co#UIS339	WKN BASISZINSSATZ	STRING			1	co#ATTRIBUTE_POP	0	0	1	0		
co#UIS340	KURZNAME	STRING			1	co#ATTRIBUTE_POP	0	0	1	0		
co#UIS343	CONVERTIBLE TICKER EXCHANGE	STRING			1	co#ATTRIBUTE_POP	0	0	1	0		
co#UIS344	UNDERLYING SPOT TICKER	STRING			1	co#ATTRIBUTE_POP	0	0	1	0		
co#UIS345	RATING SENSITIVE FLAG	ASSOCIATED		co_JN_FLAG	1	co#ATTRIBUTE_POP	0	0	1	0		
co#UIS346	RENTENANTEIL PROZENT	INTEGER			1	co#ATTRIBUTE_POP	0	0	1	0		
co#UIS347	RESTANTEIL PROZENT	INTEGER			1	co#ATTRIBUTE_POP	0	0	1	0		
co#UIS348	MOST RECENTLY REPORTED FACTOR	FLOAT			1	co#ATTRIBUTE_POP	0	0	1	0		
co#UIS349	PUT FEATURE	ASSOCIATED		co_PUT_FEATURE	1	co#ATTRIBUTE_POP	0	0	1	0		
co#UIS350	SOFT CALL BASIS	ASSOCIATED		co_SOFT_CALL_BASIS	1	co#ATTRIBUTE_POP	0	0	1	0		
co#UIS351	SOFT CALL DAYS	INTEGER			1	co#ATTRIBUTE_POP	0	0	1	0		
co#UIS352	SOFT CALL END	ASSOCIATED		co_YN_FLAG	1	co#ATTRIBUTE_POP	0	0	1	0		
co#UIS353	SOFT CALL OUT OF	INTEGER			1	co#ATTRIBUTE_POP	0	0	1	0		
co#UIS354	SOFT CALL OUT OF TYPE	STRING			1	co#ATTRIBUTE_POP	0	0	1	0		
co#UIS355	SOFT CALL PARITY	ASSOCIATED		co_YN_FLAG	1	co#ATTRIBUTE_POP	0	0	1	0		
co#UIS356	SOFT CALL QUOTE TYPE	STRING			1	co#ATTRIBUTE_POP	0	0	1	0		
co#UIS357	SOFT CALL TRIGGER	FLOAT			1	co#ATTRIBUTE_POP	0	0	1	0		
co#UIS358	SOFT CALL TYPE	STRING			1	co#ATTRIBUTE_POP	0	0	1	0		
co#UIS359	PARTIAL CALL	ASSOCIATED		co_PARTIAL_CALL	1	co#ATTRIBUTE_POP	0	0	1	0		
co#UIS360	EU ZINS KENNZEICHEN ZIV	ASSOCIATED		co_JN_FLAG	1	co#ATTRIBUTE_POP	0	0	1	0		
co#UIS361	EU ZINS KLASSIFIZIERUNG	ASSOCIATED		co_EU_ZINS_KLASSIFIZIERUNG	1	co#ATTRIBUTE_POP	0	0	1	0		
co#UIS362	KENNZEICHEN GRANDFATHERED	ASSOCIATED		co_GRANDFATHERED	1	co#ATTRIBUTE_POP	0	0	1	0		
co#UIS363	KENNZEICHEN TIS	ASSOCIATED		co_JN_FLAG	1	co#ATTRIBUTE_POP	0	0	1	0		
co#UIS365	UNDERLYING EXCHANGE	ASSOCIATED		co_EXCHANGE_CODE	1	co#ATTRIBUTE_POP	0	0	1	0		
co#UIS366	SINK SCHEDULE	COMPOUND			1	co#ATTRIBUTE_POP	0	0	1	0		
co#UIS367	SINK TYPE	ASSOCIATED		co_SINK_TYPE	1	co#ATTRIBUTE_POP	0	0	1	0		
co#UIS368	SINK FREQUENCY	ASSOCIATED		co_SINK_FREQUENCY	1	co#ATTRIBUTE_POP	0	0	1	0		
co#UIS371	REFERENCE CURVE	STRING			1	co#ATTRIBUTE_POP	0	0	1	0		
co#UIS372	REFERENCE TERM	DATE			1	co#ATTRIBUTE_POP	0	0	1	0		
co#UIS373	SOFT CALL FLAG	ASSOCIATED		co_JN_FLAG	1	co#ATTRIBUTE_POP	0	0	1	0		
co#UIS374	EU ZINS PROZENTSATZ	FLOAT			1	co#ATTRIBUTE_POP	0	0	1	0		
co#UIS375	EU ZINS DATUM AB	DATE			1	co#ATTRIBUTE_POP	0	0	1	0		
co#UIS377	RELATIVE INDEX	ASSOCIATED		co_RELATIVE_INDEX	1	co#ATTRIBUTE_POP	0	0	1	0		
co#UIS378	FUTURES ROLL DATE	DATE			1	co#ATTRIBUTE_POP	0	0	1	0		
co#UIS379	INTEREST RATE FUTURES END DATE	DATE			1	co#ATTRIBUTE_POP	0	0	1	0		
co#UIS380	CHEAPEST TO DELIVER NAME	STRING			1	co#ATTRIBUTE_POP	0	0	1	0		
co#UIS381	CHEAPEST TO DELIVER ISIN	STRING			1	co#ATTRIBUTE_POP	0	0	1	0		
co#UIS382	CHEAPEST TO DELIVER UWID	STRING			1	co#ATTRIBUTE_POP	0	0	1	0		
co#UIS383	CONVERTIBLE UNDERLYING BB ID	STRING			1	co#ATTRIBUTE_POP	0	0	1	0		
co#UIS384	CONVERTIBLE PROVISIONAL PRICE	FLOAT			1	co#ATTRIBUTE_POP	0	0	1	0		
co#UIS385	BLOOMBERG SECURITY ID	STRING			1	co#ATTRIBUTE_POP	0	0	1	0		
co#UIS386	UNDERLYING CURRENCY	ASSOCIATED		co_CURRENCY_UNDERLYING	1	co#ATTRIBUTE_POP	0	0	1	0		
co#UIS387	BLOOMBERG COMPOSITE RATING	STRING			1	co#ATTRIBUTE_POP	0	0	1	0		
co#UIS388	CREDIT-LINKED FLAG	ASSOCIATED		co_YN_FLAG	1	co#ATTRIBUTE_POP	0	0	1	0		
co#UIS389	FIX-TO-FLOAT FLAG	ASSOCIATED		co_YN_FLAG	1	co#ATTRIBUTE_POP	0	0	1	0		
co#UIS390	FLOAT-TO-FIX FLAG	ASSOCIATED		co_YN_FLAG	1	co#ATTRIBUTE_POP	0	0	1	0		
co#UIS391	EXCHANGEABLE FLAG	ASSOCIATED		co_YN_FLAG	1	co#ATTRIBUTE_POP	0	0	1	0		
co#UIS392	CONVERTIBLE BY ISSUER OR HOLDER	STRING			1	co#ATTRIBUTE_POP	0	0	1	0		
co#UIS393	FUTURES CATEGORY	STRING			1	co#ATTRIBUTE_POP	0	0	1	0		
co#UIS394	CONVERSION FACTOR	FLOAT			1	co#ATTRIBUTE_POP	0	0	1	0		
co#UIS395	CHEAPEST TO DELIVER MATURITY	DATE			1	co#ATTRIBUTE_POP	0	0	1	0		
co#UIS396	CONVERTIBLE YEARLY STOCK DIVIDEND	FLOAT			1	co#ATTRIBUTE_POP	0	0	1	0		
co#UIS397	CONVERTIBLE SHARES / PAR AMOUNT OF BOND	FLOAT			1	co#ATTRIBUTE_POP	0	0	1	0		
co#UIS398	MUNICIPALS FEDERAL TAXABLE FLAG	ASSOCIATED		co_YN_FLAG	1	co#ATTRIBUTE_POP	0	0	1	0		
co#UIS399	MUNICIPALS MINIMUM TAX	ASSOCIATED		co_YN_FLAG	1	co#ATTRIBUTE_POP	0	0	1	0		
co#UIS400	MUNICIPALS MATURITY SIZE	FLOAT			1	co#ATTRIBUTE_POP	0	0	1	0		
co#UIS401	MORTGAGES CLASS CALL DATE	DATE			1	co#ATTRIBUTE_POP	0	0	1	0		
co#UIS402	MORTGAGES DEAL CALL DATE	DATE			1	co#ATTRIBUTE_POP	0	0	1	0		
co#UIS404	EMITTENT N�CHSTER HV TERMIN	DATE			1	co#ATTRIBUTE_POP	0	0	1	0		
co#UIS405	DPG BRANCHE SECURITY	ASSOCIATED		co_DPG_BRANCHE	1	co#ATTRIBUTE_POP	0	0	1	0		
co#UIS406	WM BRANCHE SECURITY	ASSOCIATED		co_WM_BRANCHE	1	co#ATTRIBUTE_POP	0	0	1	0		
co#UIS407	ENDFAELLIGKEIT	DATE			1	co#ATTRIBUTE_POP	0	0	1	0		
co#UIS408	URSPRUNGSEMITTENT UWID	STRING			1	co#ATTRIBUTE_POP	0	0	1	0		
co#UIS409	KAPITALAUSTAUSCH	STRING			1	co#ATTRIBUTE_POP	0	0	1	0		
co#UIS410	UPFRONTBETRAG	FLOAT			1	co#ATTRIBUTE_POP	0	0	1	0		
co#UIS411	UPFRONTZAHLER	ASSOCIATED		co_UPFRONTZAHLER	1	co#ATTRIBUTE_POP	0	0	1	0		
co#UIS412	UPFRONTWAEHRUNG	ASSOCIATED		co_CURRENCY_UNDERLYING	1	co#ATTRIBUTE_POP	0	0	1	0		
co#UIS413	UPFRONTVALUTA	DATE			1	co#ATTRIBUTE_POP	0	0	1	0		
co#UIS414	HIGH YIELD ANLEIHE	ASSOCIATED		co_JN_FLAG	1	co#ATTRIBUTE_POP	0	0	1	0		
co#UIS415	AMORTIZATION	COMPOUND			1	co#ATTRIBUTE_POP	0	0	1	0		
co#UIS416	OPTION UNDERLYING TICKER	STRING			1	co#ATTRIBUTE_POP	0	0	1	0		
co#UIS417	WERTPAPIERWAEHRUNG	ASSOCIATED		co_CURRENCY_UNDERLYING	1	co#ATTRIBUTE_POP	0	0	1	0		
co#UIS418	PRIMARY EXCHANGE	ASSOCIATED		co_EXCHANGE_CODE	1	co#ATTRIBUTE_POP	0	0	1	0		
co#UIS430	VERWALTUNGSVERGUETUNG	FLOAT			1	co#ATTRIBUTE_POP	0	0	1	0		
co#UIS431	BRUCHSTUECKE	ASSOCIATED		SD_JN_FLAG	1	co#ATTRIBUTE_POP	0	0	1	0		
co#UIS432	ANNAHMESCHLUSS	TIME			1	co#ATTRIBUTE_POP	0	0	1	0		
co#UIS433	BOEGAFAEHIG	ASSOCIATED		SD_BOEGAFAEHIG	1	co#ATTRIBUTE_POP	0	0	1	0		
co#UIS434	VLZULAESSIG	ASSOCIATED		SD_VLZULAESSIG	1	co#ATTRIBUTE_POP	0	0	1	0		
co#UIS435	PREISDATPLUSTAGE	INTEGER			1	co#ATTRIBUTE_POP	0	0	1	0		
co#UIS436	MUENDELSICHER	ASSOCIATED		SD_JN_FLAG	1	co#ATTRIBUTE_POP	0	0	1	0		
co#UIS437	LAGERSTELLE	ASSOCIATED		SD_LAGERSTELLE	1	co#ATTRIBUTE_POP	0	0	1	0		
co#UIS438	FONDSPREISFREQUENZ	INTEGER			1	co#ATTRIBUTE_POP	0	0	1	0		
co#UIS439	FONDSGRUPPE	ASSOCIATED		SD_FONDSGRUPPE	1	co#ATTRIBUTE_POP	0	0	1	0		
co#UIS440	FONDSART	ASSOCIATED		co_FONDSART	1	co#ATTRIBUTE_POP	0	0	1	0		
co#UIS441	ZEICHNUNGSFRIST_VON	DATE			1	co#ATTRIBUTE_POP	0	0	1	0		
co#UIS442	ZEICHNUNGSFRIST_BIS	DATE			1	co#ATTRIBUTE_POP	0	0	1	0		
co#UIS443	AIG INDUSTRY LEVEL 1	ASSOCIATED		co_AIG_INDUSTRY	1	co#ATTRIBUTE_POP	0	0	1	0		
co#UIS444	AIG INDUSTRY LEVEL 2	ASSOCIATED		co_AIG_INDUSTRY	1	co#ATTRIBUTE_POP	0	0	1	0		
co#UIS445	AIG INDUSTRY LEVEL 3	ASSOCIATED		co_AIG_INDUSTRY	1	co#ATTRIBUTE_POP	0	0	1	0		
co#UIS446	AIG INDUSTRY LEVEL 4	ASSOCIATED		co_AIG_INDUSTRY	1	co#ATTRIBUTE_POP	0	0	1	0		
co#UIS447	AIG INDUSTRY LEVEL 5	ASSOCIATED		co_AIG_INDUSTRY	1	co#ATTRIBUTE_POP	0	0	1	0		
co#UIS448	ALGO SPECTYPE	ASSOCIATED		co_ALGOSPEC	1	co#ATTRIBUTE_POP	0	0	1	0		
co#UIS449	ALGO SUBSPECTYPE	ASSOCIATED		co_ALGOSUBSPEC	1	co#ATTRIBUTE_POP	0	0	1	0		
co#UIS450	ALGO_SPEC_FLAG	ASSOCIATED		co_ALGOFLAG	1	co#ATTRIBUTE_POP	0	0	1	0		
co#UIS451	ABGELAUFENE GATTUNG	ASSOCIATED		co_JN_FLAG	1	co#ATTRIBUTE_POP	0	0	1	0		
co#UIS452	IMMOBILIENANTEIL PROZENT	INTEGER			1	co#ATTRIBUTE_POP	0	0	1	0		
co#UIS453	DISCOUNT CURVE RATING	ASSOCIATED		co#DCR_RTG_CODE	1	co#ATTRIBUTE_POP	0	0	1	0		
co#UIS454	DISCOUNT CURVE SECTOR	ASSOCIATED		co#DCR_SEC_CODE	1	co#ATTRIBUTE_POP	0	0	1	0		
co#UIS455	CUM EX DAYS	INTEGER			1	co#ATTRIBUTE_POP	0	0	1	0		
co#UIS456	UNDERLYING BBIDS	COMPOUND			1	co#ATTRIBUTE_POP	0	0	1	0		
co#UIS457	UNDERLYING UWIDS	COMPOUND			1	co#ATTRIBUTE_POP	0	0	1	0		
co#UIS459	ANTEILSCHEINKLASSE	ASSOCIATED		co#ATRRAX_ANTEILKL	1	co#ATTRIBUTE_POP	0	0	1	0		
co#UIS460	UWID_ZUGEORDNETE_BENCHMARK	STRING			1	co#ATTRIBUTE_POP	0	0	1	0		
co#UIS461	DESC_ZUGEORDNETE_BENCHMARK	STRING			1	co#ATTRIBUTE_POP	0	0	1	0		
co#UIS462	FONDSTYP	ASSOCIATED		co#ATRRAX_FNDTYP	1	co#ATTRIBUTE_POP	0	0	1	0		
co#UIS463	KZ_NUR_VERKAUF	ASSOCIATED		co_JN_FLAG	1	co#ATTRIBUTE_POP	0	0	1	0		
co#UIS464	DATUM_NAECHSTE_ERTRAGAUSSCHUET	DATE			1	co#ATTRIBUTE_POP	0	0	1	0		
co#UIS465	DATUM_NAECHSTER_JAHRESABSCHL	DATE			1	co#ATTRIBUTE_POP	0	0	1	0		
co#UIS466	KZ_ZULASSUNG_DEUTSCHLAND	ASSOCIATED		co_JN_FLAG	1	co#ATTRIBUTE_POP	0	0	1	0		
co#UIS467	KZ_ZULASSUNG_LUXEMBOURG	ASSOCIATED		co_JN_FLAG	1	co#ATTRIBUTE_POP	0	0	1	0		
co#UIS468	KZ_ZULASSUNG_OESTERREICH	ASSOCIATED		co_JN_FLAG	1	co#ATTRIBUTE_POP	0	0	1	0		
co#UIS469	KZ_ZULASSUNG_SCHWEIZ	ASSOCIATED		co_JN_FLAG	1	co#ATTRIBUTE_POP	0	0	1	0		
co#UIS470	MTGE ORIGINAL WAL	FLOAT			1	co#ATTRIBUTE_POP	0	0	1	0		
co#UIS471	MTGE WEIGHTED AVG LIFE IN YRS	FLOAT			1	co#ATTRIBUTE_POP	0	0	1	0		
co#UIS472	MTGE END PRINCIPAL WINDOW	DATE			1	co#ATTRIBUTE_POP	0	0	1	0		
co#UIS473	DURATION FONDSPROFILE	FLOAT			1	co#ATTRIBUTE_POP	0	0	1	0		
co#UIS474	RATING FONDSPROFILE	ASSOCIATED		co_FP_RATING	1	co#ATTRIBUTE_POP	0	0	1	0		
co#UIS475	WAEHRUNGSANTEIL FONDSPROFILE	INTEGER			1	co#ATTRIBUTE_POP	0	0	1	0		
co#UIS476	Waehrung Konstituente	ASSOCIATED		co#IDX_CURRENCY	1	co#ATTRIBUTE_POP	0	0	1	0		
co#UIS478	MTG CASH FLOW	COMPOUND			1	co#ATTRIBUTE_POP	0	0	1	0		
co#UIS479	DES CASH FLOW	COMPOUND			1	co#ATTRIBUTE_POP	0	0	1	0		
co#UIS485	AVERAGE RATING	INTEGER			1	co#ATTRIBUTE_POP	0	0	1	0		
co#UIS487	WERTPAPIERART AC	ASSOCIATED		co_WERTPAPIERART_NEU	1	co#ATTRIBUTE_POP	0	0	1	0		
co#UIS488	DZ_BANK_CODE	STRING			1	co#ATTRIBUTE_POP	0	0	1	0		
co#UIS489	MINIMUM RATING	INTEGER			1	co#ATTRIBUTE_POP	0	0	1	0		
co#UIS490	COUNTRY OF GUARANTOR	ASSOCIATED		co_BB_GUARANTOR	1	co#ATTRIBUTE_POP	0	0	1	0		
co#UIS491	ML TYPE	ASSOCIATED		co_ML_TYPE	1	co#ATTRIBUTE_POP	0	0	1	0		
co#UIS492	INVESTMENT COUNTRY	ASSOCIATED		co_COUNTRY_ISSUER	1	co#ATTRIBUTE_POP	0	0	1	0		
co#UIS493	INVESTMENT CATEGORY	ASSOCIATED		co_MS_CATEGORY	1	co#ATTRIBUTE_POP	0	0	1	0		
co#UIS494	PROVIDER INFO	TEXT			1	co#ATTRIBUTE_POP	0	0	1	0		
co#UIS495	BLOOMBERG TICKER GENERIC	STRING			1	co#ATTRIBUTE_POP	0	0	1	0		
co#UIS496	STIMMRECHTEANZAHL	FLOAT			1	co#ATTRIBUTE_POP	0	0	1	0		
co#UIS497	PROGRAM ISIN	STRING			1	co#ATTRIBUTE_POP	0	0	1	0		
co#UIS499	BLOOMBERG TICKER GENERIC	STRING			1	co#ATTRIBUTE_POP	0	0	1	0		
co#UIS500	UNDERLYING TICKER	STRING			1	co#ATTRIBUTE_POP	0	0	1	0		
co#UIS501	NOTIERUNG STRIKE (WTS)	ASSOCIATED		co_NOTIERUNGSART	1	co#ATTRIBUTE_POP	0	0	1	0		
co#UIS502	LEVEREAGE FAKTOR (WTS)	FLOAT			1	co#ATTRIBUTE_POP	0	0	1	0		
co#UIS503	INDEXSTAND (INITIAL, WTS)	FLOAT			1	co#ATTRIBUTE_POP	0	0	1	0		
co#UIS504	COMPOSITE RATING	ASSOCIATED		co_SP_RATING	1	co#ATTRIBUTE_POP	0	0	1	0		
co#UIS505	QUANTO	ASSOCIATED		co_JN_FLAG	1	co#ATTRIBUTE_POP	0	0	1	0		
co#UIS506	SECURITY LEVEL 1	ASSOCIATED		co_LV1_TYPE	1	co#ATTRIBUTE_POP	0	0	1	0		
co#UIS507	SECURITY LEVEL 2	ASSOCIATED		co_LV2_TYPE	1	co#ATTRIBUTE_POP	0	0	1	0		
co#UIS508	COLLATERAL TYPE (BB 1:1)	ASSOCIATED		co_COLLATERAL_TYPE_BB	1	co#ATTRIBUTE_POP	0	0	1	0		
co#UIS509	KASKADENVERBOT FONDS	ASSOCIATED		co_KASKADEN_TYPE	1	co#ATTRIBUTE_POP	0	0	1	0		
co#UIS511	NOTENBANKF�HIGK.	ASSOCIATED		co_NOTEBANKFAEHIG_TYPE	1	co#ATTRIBUTE_POP	0	0	1	0		
co#UIS512	UNDERLYING PORTFOLIO	COMPOUND			1	co#ATTRIBUTE_POP	0	0	1	0		
co#UIS513	ML TYPE LEVEL 2	ASSOCIATED		co#UIS513	1	co#ATTRIBUTE_POP	0	0	1	0		
co#UIS514	ML TYPE LEVEL 1	ASSOCIATED		co#UIS514	1	co#ATTRIBUTE_POP	0	0	1	0		
co#UIS515	IBOXX SECURITY LEVEL 2	ASSOCIATED		co#UIS515	1	co#ATTRIBUTE_POP	0	0	1	0		
co#UIS516	IBOXX SECURITY LEVEL 1	ASSOCIATED		co#UIS516	1	co#ATTRIBUTE_POP	0	0	1	0		
co#UIS517	TIER1 CAPITAL	STRING			1	co#ATTRIBUTE_POP	0	0	1	0		
co#UIS518	UPPER TIER2 CAPITAL	STRING			1	co#ATTRIBUTE_POP	0	0	1	0		
co#UIS519	LOWER TIER2 CAPITAL	STRING			1	co#ATTRIBUTE_POP	0	0	1	0		
co#UIS520	ORDERDEADLINE KAG UHRZEIT [HH:MM]	STRING			1	co#ATTRIBUTE_POP	0	0	1	0		
co#UIS521	ORDERDEADLINE ATTRAX UHRZEIT [HH:MM]	STRING			1	co#ATTRIBUTE_POP	0	0	1	0		
co#UIS522	FORWARD TRADING	STRING			1	co#ATTRIBUTE_POP	0	0	1	0		
co#UIS523	FORWARD PRICING	STRING			1	co#ATTRIBUTE_POP	0	0	1	0		
co#UIS524	VALUTATAGE KAUF	STRING			1	co#ATTRIBUTE_POP	0	0	1	0		
co#UIS525	VALUTATAGE VERKAUF	STRING			1	co#ATTRIBUTE_POP	0	0	1	0		
co#UIS526	SETTLEMENT BEI CREDIT EVENT (CLN)	ASSOCIATED		co_SETTLEMENT_CLN	1	co#ATTRIBUTE_POP	0	0	1	0		
co#UIS531	GUARANTOR NAME	STRING			1	co#ATTRIBUTE_POP	0	0	1	0		
co#UIS532	PRIVATE BANKING	ASSOCIATED		co#UIS532	1	co#ATTRIBUTE_POP	0	0	1	0		
co#UIS539	SCHULDNERKUENDIGUNGSART	ASSOCIATED		co#UIS539	1	co#ATTRIBUTE_POP	0	0	1	0		
co#UIS540	GLAEUBIGERKUENDIGUNGSART	ASSOCIATED		co#UIS540	1	co#ATTRIBUTE_POP	0	0	1	0		
co#UIS541	SONDERKUENDIGUNGSART	ASSOCIATED		co#UIS541	1	co#ATTRIBUTE_POP	0	0	1	0		
co#UIS543	RISIKOAKTIVA	ASSOCIATED		co_RISIKOAKTIVA	1	co#ATTRIBUTE_POP	0	0	1	0		
co#UIS544	WM_ZUSATZ_3	ASSOCIATED		co_WM_ZUSATZ_3	1	co#ATTRIBUTE_POP	0	0	1	0		
co#UIS545	FREMDW./GOLDANT.V	COMPOUND			1	co#ATTRIBUTE_POP	0	0	1	0		
co#UIS546	DURCHSCHN. GZ V	COMPOUND			1	co#ATTRIBUTE_POP	0	0	1	0		
co#UIS547	DISAGIOSTAFFEL	ASSOCIATED		co_DISAGIO	1		0	0	1	0		
co#UIS548	WM BRANCHE SECURITY Z29	ASSOCIATED		co_WM_BRANCHE_Z29	1	co#ATTRIBUTE_POP	0	0	1	0		
co#UIS549	VERBRIEFUNGSKATEGORIE 1	ASSOCIATED		co_VERBR_KAT_1	1	co#ATTRIBUTE_POP	0	0	1	0		
co#UIS550	VERBRIEFUNGSKATEGORIE 2	ASSOCIATED		co_VERBR_KAT_2	1	co#ATTRIBUTE_POP	0	0	1	0		
co#UIS551	VERBRIEFUNGSKATEGORIE 3	ASSOCIATED		co_VERBR_KAT_3	1	co#ATTRIBUTE_POP	0	0	1	0		
co#UIS552	CURRENCY OF UNDERLYING	ASSOCIATED		co_CURRENCY_CODE	1	co#ATTRIBUTE_POP	0	0	1	0		
co#UIS553	COUNTRY OF DOMICILE	STRING			1	co#ATTRIBUTE_POP	0	0	1	0		
co#UIS554	COUNTRY OF INCORPORATION	ASSOCIATED		co_COUNTRY_CODE	1	co#ATTRIBUTE_POP	0	0	1	0		
co#UIS555	COUNTRY OF ISSUE	ASSOCIATED		co_COUNTRY_CODE	1	co#ATTRIBUTE_POP	0	0	1	0		
co#UIS556	NENNWERT ZUM STUECK	FLOAT			1	co#ATTRIBUTE_POP	0	1	1	0		
co#UIS557	RISIKOART	ASSOCIATED		co_RISIKOART	1	co#ATTRIBUTE_POP	0	0	1	0		
co#UIS558	SFI-TYPE	ASSOCIATED		co_BOND_KAT	1	co#ATTRIBUTE_POP	0	0	1	0		
co#UIS559	INDEX ZUSAMMENSETZUNG	ASSOCIATED		co_INDEX_ZUS	1	co#ATTRIBUTE_POP	0	0	1	0		
co#UIS560	GEWAEHRTRAEGERHAFTUNG	ASSOCIATED		co_JN_FLAG	1	co#ATTRIBUTE_POP	0	0	1	0		
co#UIS561	MARKTSEGMENT VORGESEHEN	ASSOCIATED		co_MARKTSEG_VORGESEHEN	1	co#ATTRIBUTE_POP	0	0	1	0		
co#UIS562	AUFGELAUFENE ZINSEN	FLOAT			1	co#ATTRIBUTE_POP	0	0	1	0		
co#UIS563	INITIAL INDEX START DATE	DATE			1	co#ATTRIBUTE_POP	0	0	1	0		
co#UIS564	KUPON COMPOUND (ALGO)	COMPOUND			1	co#ATTRIBUTE_POP	0	0	1	0		
co#UIS565	DIVIDEND EX DATE	DATE			1	co#ATTRIBUTE_POP	0	0	1	0		
co#UIS566	KUENDIGUNGSPERIODE GLAEUBIGER	ASSOCIATED		co_INCOME_PAYMENT_FREQ	1	co#ATTRIBUTE_POP	0	0	1	0		
co#UIS567	COMMODITY SWAP BLOCK	STRING			1	co#ATTRIBUTE_POP	0	0	1	0		
co#UIS568	COMMODITY SWAP STRATEGIE	STRING			1	co#ATTRIBUTE_POP	0	0	1	0		
co#UIS569	INITIAL PRICE	FLOAT			1	co#ATTRIBUTE_POP	0	0	1	0		
co#UIS570	ZIELZINS (TARN)	FLOAT			1	co#ATTRIBUTE_POP	0	0	1	0		
co#UIS584	SCHULDSCHEINDARLEHEN ABTRETBAR	ASSOCIATED		co_YN_FLAG	1	co#ATTRIBUTE_POP	0	0	1	0		
co#UIS586	DERIVATIVE DELIVERY TYPE	ASSOCIATED		co_DELIVERY_TYPE	1	co#ATTRIBUTE_POP	0	0	1	0		
co#UIS587	HANDELSBOERSEN	COMPOUND			1	co#ATTRIBUTE_POP	0	0	1	0		
co#UIS588	ASSET ALLOC CASH %	FLOAT			1	co#ATTRIBUTE_POP	0	0	1	0		
co#UIS589	ASSET ALLOC EQUITY %	FLOAT			1	co#ATTRIBUTE_POP	0	0	1	0		
co#UIS590	ASSET ALLOC BOND %	FLOAT			1	co#ATTRIBUTE_POP	0	0	1	0		
co#UIS591	ASSET ALLOC HEDGEFONDS %	FLOAT			1	co#ATTRIBUTE_POP	0	0	1	0		
co#UIS592	ASSET ALLOC COMMODITITES %	FLOAT			1	co#ATTRIBUTE_POP	0	0	1	0		
co#UIS593	ASSET ALLOC PRIVATE EQUITY %	FLOAT			1	co#ATTRIBUTE_POP	0	0	1	0		
co#UIS594	ASSET ALLOC IMMOBILIEN %	FLOAT			1	co#ATTRIBUTE_POP	0	0	1	0		
co#UIS595	ASSET ALLOC OTHER %	FLOAT			1	co#ATTRIBUTE_POP	0	0	1	0		
co#UIS596	ABSICHERUNGSREGION	COMPOUND			1	co#ATTRIBUTE_POP	0	0	1	0		
co#UIS597	NETTABLE UWIDS	COMPOUND			1	co#ATTRIBUTE_POP	0	0	1	0		
co#UIS598	STATUS GATTUNG	ASSOCIATED		co_STATUS_GATTUNG	1	co#ATTRIBUTE_POP	0	0	1	0		
co#UIS599	GRUND ZUM STATUS	ASSOCIATED		co_GRUND_ZUM_STATUS	1	co#ATTRIBUTE_POP	0	0	1	0		
co#UIS600	NAMENSAKTIE	ASSOCIATED		co_JN_FLAG	1	co#ATTRIBUTE_POP	0	0	1	0		
co#UIS610	MASTERFOND	ASSOCIATED		co_YN_FLAG	1	co#ATTRIBUTE_POP	0	0	1	0		
co#UIS611	FEEDERFOND	ASSOCIATED		co_YN_FLAG	1	co#ATTRIBUTE_POP	0	0	1	0		
co#UIS612	UWID MASTERFOND	STRING			1	co#ATTRIBUTE_POP	0	0	1	0		
co#UIS613	UMLAUFENDE ANTEILE	FLOAT			1	co#ATTRIBUTE_POP	0	0	1	0		
co#UIS614	DIVIDENDE EX DATE	DATE			1	co#ATTRIBUTE_POP	0	0	1	0		
co#UIS615	GARANTIETYP	ASSOCIATED		co_GARANTIETYP	1	co#ATTRIBUTE_POP	0	0	1	0		
co#UIS616	GARANTIEGEBER	STRING			1	co#ATTRIBUTE_POP	0	0	1	0		
co#UIS640	ASSET BAUM CODE	STRING			1	co#ATTRIBUTE_POP	0	0	1	0		
co#UIS641	ASSET BAUM LEVEL 1	ASSOCIATED		co_ASSET_BAUM_LEVEL1	1	co#ATTRIBUTE_POP	0	0	1	0		
co#UIS642	ASSET BAUM LEVEL 2	ASSOCIATED		co_ASSET_BAUM_LEVEL2	1	co#ATTRIBUTE_POP	0	0	1	0		
co#UIS643	ASSET BAUM LEVEL 3	ASSOCIATED		co_ASSET_BAUM_LEVEL3	1	co#ATTRIBUTE_POP	0	0	1	0		
co#UIS644	SEC TYPE	ASSOCIATED		co_SEC_TYPE	1	co#ATTRIBUTE_POP	0	0	1	0		
co#UIS645	WP ART STATPRO	ASSOCIATED		co_WP_ART_STATPRO	1	co#ATTRIBUTE_POP	0	0	1	0		
co#UIS646	WP ART DWH	ASSOCIATED		co_WP_ART_DWH	1	co#ATTRIBUTE_POP	0	0	1	0		
co#UIS653	COMPOSITE RATING (AGENTUREN)	ASSOCIATED		co_COMPOSITE_RATING_AGENTUREN	1	co#ATTRIBUTE_POP	0	0	1	0		
co#UIS658	KZ UMTAUSCHANLEIHE	ASSOCIATED		co_JN_FLAG	1	co#ATTRIBUTE_POP	0	0	1	0		
co#UIS659	KZ AGENCIES	ASSOCIATED		co_JN_FLAG	1	co#ATTRIBUTE_POP	0	0	1	0		
co#UIS660	RISIKO LAND	ASSOCIATED		co_COUNTRY_CODE	1	co#ATTRIBUTE_POP	0	0	1	0		
co#UIS661	ORDER ID	STRING			1	co#ATTRIBUTE_POP	0	0	1	0		
co#UIS662	INITIAL PRICE DATE	DATE			1	co#ATTRIBUTE_POP	0	0	1	0		
co#UIS665	DATUM INAKTIV	DATE			1	co#ATTRIBUTE_POP	0	0	1	0		
co#UIS666	WERTPAPIERARTGRUPPE AC	ASSOCIATED		co_WERTPAPIERART_GRUPPE	1	co#ATTRIBUTE_POP	0	0	1	0		
co#UIS667	S&P ST RATING	ASSOCIATED		co_SP_ST_RATING	1	co#ATTRIBUTE_POP	0	0	1	0		
co#UIS668	S&P ST RATING EFFECTIVE DATE	DATE			1	co#ATTRIBUTE_POP	0	0	1	0		
co#UIS669	FITCH ST RATING	ASSOCIATED		co_FITCH_ST_RATING	1	co#ATTRIBUTE_POP	0	0	1	0		
co#UIS670	FITCH ST RATING EFFECTIVE DATE	DATE			1	co#ATTRIBUTE_POP	0	0	1	0		
co#UIS671	MOODYS ST RATING	ASSOCIATED		co_MOODYS_ST_RATING	1	co#ATTRIBUTE_POP	0	0	1	0		
co#UIS672	MOODYS ST RATING EFFECTIVE DATE	DATE			1	co#ATTRIBUTE_POP	0	0	1	0		
co#UIS673	UNION ST RATING	ASSOCIATED		co_UNION_RATING	1	co#ATTRIBUTE_POP	0	0	1	0		
co#UIS674	UNION ST RATING EFFECTIVE DATE	DATE			1	co#ATTRIBUTE_POP	0	0	1	0		
co#UIS675	AVERAGE ST RATING	INTEGER			1	co#ATTRIBUTE_POP	0	0	1	0		
co#UIS676	COMPOSITE ST RATING	ASSOCIATED		co_SP_RATING	1	co#ATTRIBUTE_POP	0	0	1	0		
co#UIS677	COMPOSITE ST RATING (AGENTUREN)	ASSOCIATED		co_COMPOSITE_RATING_AGENTUREN	1	co#ATTRIBUTE_POP	0	0	1	0		
co#UIS678	STAGE	ASSOCIATED		co_STAGE	1	co#ATTRIBUTE_POP	0	0	1	0		
co#UIS679	SECONDARY_PURCHASE	ASSOCIATED		co_YN_FLAG	1	co#ATTRIBUTE_POP	0	0	1	0		
co#UIS680	INVESTITIONSLAND	ASSOCIATED		co_COUNTRY_ISSUER	1	co#ATTRIBUTE_POP	0	0	1	0		
co#UIS681	ZWISCHENGESELLSCHAFT	ASSOCIATED		co_YN_FLAG	1	co#ATTRIBUTE_POP	0	0	1	0		
co#UIS682	DIREKTBETEILIGUNG	ASSOCIATED		co_YN_FLAG	1	co#ATTRIBUTE_POP	0	0	1	0		
co#UIS683	BCB ISSUER CLASS 1	ASSOCIATED		co_BCB_ISSUER_CLASS_1	1	co#ATTRIBUTE_POP	0	0	1	0		
co#UIS684	BCB ISSUER CLASS 2	ASSOCIATED		co_BCB_ISSUER_CLASS_2	1	co#ATTRIBUTE_POP	0	0	1	0		
co#UIS685	BCB ISSUER CLASS 3	ASSOCIATED		co_BCB_ISSUER_CLASS_3	1	co#ATTRIBUTE_POP	0	0	1	0		
co#UIS686	BCB ISSUER CLASS 4	ASSOCIATED		co_BCB_ISSUER_CLASS_4	1	co#ATTRIBUTE_POP	0	0	1	0		
co#UIS687	SOLVV KSA GEWICHT	FLOAT			1	co#ATTRIBUTE_POP	0	0	1	0		
co#UIS688	SOLVV RATING	FLOAT			1	co#ATTRIBUTE_POP	0	0	1	0		
co#UIS689	SOLVV FORDERUNGSKLASSE	STRING			1	co#ATTRIBUTE_POP	0	0	1	0		
co#UIS690	KZ LEERVERKAUFSVERBOT	ASSOCIATED		co_JN_FLAG	1	co#ATTRIBUTE_POP	0	0	1	0		
co#UIS691	RAT.ZINSSAETZE	COMPOUND			1	co#ATTRIBUTE_POP	0	0	1	0		
co#UIS692	MAKE WHOLE FLAG	ASSOCIATED		co_YN_FLAG	1	co#ATTRIBUTE_POP	0	0	1	0		
co#UIS693	RESET INDEX TICKER	STRING			1	co#ATTRIBUTE_POP	0	0	1	0		
co#UIS694	UNDERLYING REFERENCE INDEX	STRING			1	co#ATTRIBUTE_POP	0	0	1	0		
co#UIS695	START INFLATION INDEX	FLOAT			1	co#ATTRIBUTE_POP	0	0	1	0		
co#UIS696	ERTRAGSAUSGLEICH	ASSOCIATED		co_ERTRAGSAUSGLEICH	1	co#ATTRIBUTE_POP	0	0	1	0		
co#UIS697	TIS WM DURCH KVM	ASSOCIATED		co_JN_FLAG	1	co#ATTRIBUTE_POP	0	0	1	0		
co#UIS699	ART DECKUNG	ASSOCIATED		co_ART_DECKUNG	1	co#ATTRIBUTE_POP	0	0	1	0		
co#UIS700	RED CODE	STRING			1	co#ATTRIBUTE_POP	0	0	1	0		
co#UIS701	MARK IT WIRE ID	STRING			1	co#ATTRIBUTE_POP	0	0	1	0		
co#UIS702	GARANTIEGEBER ALLE	COMPOUND			1	co#ATTRIBUTE_POP	0	0	1	0		
co#UIS703	EINSTUFUNG DER ERWERBBARKEIT	ASSOCIATED		co_EINSTUFUNG_DER_ERWERBBARKEIT	1	co#ATTRIBUTE_POP	0	0	1	0		
co#UIS704	RENTENUNTERKLASSEN	ASSOCIATED		co_RENTENUNTERKLASSEN	1	co#ATTRIBUTE_POP	0	0	1	0		
co#UIS705	RENTENUNTERKLASSEN INFO	ASSOCIATED		co_RENTENUNTERKLASSEN	1	co#ATTRIBUTE_POP	0	0	1	0		
co#UIS706	BCB RATING	ASSOCIATED		co_BCB_RATING	1	co#ATTRIBUTE_POP	0	0	1	0		
co#UIS707	ERWERBBAR FUER UCITS FONDS	ASSOCIATED		co_ERWERBARKEIT_UCITS	1	co#ATTRIBUTE_POP	0	0	1	0		
co#UIS708	ERWERBBAR FUER NON UCITS FONDS	ASSOCIATED		co_ERWERBARKEIT_UCITS	1	co#ATTRIBUTE_POP	0	0	1	0		
co#UIS709	SUMME EMISSIONSVOLUMEN	COMPOUND			1	co#ATTRIBUTE_POP	0	0	1	0		
co#UIS710	UMSATZERLOESE	FLOAT			1		0	0	1	0		
co#UIS711	BRUTTOGEWINN	FLOAT			1		0	0	1	0		
co#UIS712	OGC KENNZAHL (ONGOING CHARGES)	FLOAT			1	co#ATTRIBUTE_POP	0	0	1	0		
co#UIS713	BROAD CATEGORY GROUP	ASSOCIATED		co_BROAD_CATEGORY_GROUP	1	co#ATTRIBUTE_POP	0	0	1	0		
co#UIS714	GLOBAL CATEGORY	ASSOCIATED		co_GLOBAL_CATEGORY	1	co#ATTRIBUTE_POP	0	0	1	0		
co#UIS715	INVESTMENT AREA	ASSOCIATED		co_INVESTMENT_AREA	1	co#ATTRIBUTE_POP	0	0	1	0		
co#UIS716	DERIVATEART	ASSOCIATED		co_DERIVATEART	1	co#ATTRIBUTE_POP	0	0	1	0		
co#UIS717	RISIKOART	ASSOCIATED		co_RISIKOART_DERIBER	1	co#ATTRIBUTE_POP	0	0	1	0		
co#UIS718	STRUKTURIERTES PRODUKT	ASSOCIATED		co_STRUKTURIERTES_PRODUKT	1	co#ATTRIBUTE_POP	0	0	1	0		
co#UIS719	KZ SELBSTBEHALT (GD258Q)	ASSOCIATED		co_KZ_SELBSTBEHALT	1	co#ATTRIBUTE_POP	0	0	1	0		
co#UIS720	HOEHE SELBSTBEHALT (GV980)	COMPOUND			1	co#ATTRIBUTE_POP	0	0	1	0		
co#UIS721	ALTERNATIVE INVESTMENTFONDS (AIF)	ASSOCIATED		co_ALTERNATIVE_INVESTMENTFONDS	1	co#ATTRIBUTE_POP	0	0	1	0		
co#UIS724	BLOOMBERG PRICE	FLOAT			1	co#ATTRIBUTE_POP	0	0	1	0		
co#UIS725	LEI WERTPAPIER	STRING			1	co#ATTRIBUTE_POP	0	0	1	0		
co#UIS727	ANW.INVSTG �1A1S1	ASSOCIATED		co_ANW_INVSTG	1	co#ATTRIBUTE_POP	0	0	1	0		
co#UIS728	GESELLSCHAFTSFORM	ASSOCIATED		co_GESELLSCHAFTSFORM	1	co#ATTRIBUTE_POP	0	0	1	0		
co#UIS729	KENNZEICHEN AIF	ASSOCIATED		co_KENNZEICHEN_AIF	1	co#ATTRIBUTE_POP	0	0	1	0		
co#UIS730	TEILEINGEZAHLTE AKTIE	ASSOCIATED		co_JN_FLAG	1	co#ATTRIBUTE_POP	0	0	1	0		
co#UIS731	BLOOMBERG PRICE DATE	DATE			1	co#ATTRIBUTE_POP	0	0	1	0		
co#UIS732	INDEX TYP (TOTAL VS. EXCESS RETURN)	ASSOCIATED		co_INDEX_TYP_TOTAL_VS_EXCESS_RETURN	1	co#ATTRIBUTE_POP	0	0	1	0		
co#UIS733	ZIELVOLATILITAET (TV)	STRING			1	co#ATTRIBUTE_POP	0	0	1	0		
co#UIS734	ARBEITSTAGE BERECHNUNG REAL. VOLA (T.RV)	STRING			1	co#ATTRIBUTE_POP	0	0	1	0		
co#UIS735	MAX. INVESTITIONSGRAD (IG)	STRING			1	co#ATTRIBUTE_POP	0	0	1	0		
co#UIS736	LIQUIDITAETSBUCKET	ASSOCIATED		co_LIQUIDITAETS_BUCKET	1	co#ATTRIBUTE_POP	0	0	1	0		
co#UIS737	EKAP-KATEGORIE (NEMESYS)	ASSOCIATED		co_EKAP_KATEGORIE_NEMESYS	1	co#ATTRIBUTE_POP	0	0	1	0		
co#UIS738	EKAP-KATEGORIE (GD209)	ASSOCIATED		co_EKAP_KATEGORIE_GD209	1	co#ATTRIBUTE_POP	0	0	1	0		
co#UIS739	EKAP-QUOTEN (GV367)	COMPOUND			1	co#ATTRIBUTE_POP	0	0	1	0		
co#UIS740	EMITTENTEN ALLE (GV939)	COMPOUND			1		0	0	1	0		
co#UIS741	NENNWERT AKTIE (GD777)	FLOAT			1	co#ATTRIBUTE_POP	0	0	1	0		
co#UIS742	MINDESTPREIS	FLOAT			1	co#ATTRIBUTE_POP	0	0	1	0		
co#UIS743	WANDLUNGSANTEIL	FLOAT			1	co#ATTRIBUTE_POP	0	0	1	0		
co#UIS744	TRIGGER	FLOAT			1	co#ATTRIBUTE_POP	0	0	1	0		
co#UIS745	CET1 - KERNKAPITALQUOTE	FLOAT			1	co#ATTRIBUTE_POP	0	0	1	0		
co#UIS746	TRIGGER TERMIN	DATE			1	co#ATTRIBUTE_POP	0	0	1	0		
co#UIS747	LOSS ABSORPTION (VERLUSTUEBERNAHME)	ASSOCIATED		co_LOSS_ABSORPTION	1	co#ATTRIBUTE_POP	0	0	1	0		
co#UIS748	MANDATORY CONVERTIBLE INDICATOR A	STRING			1	co#ATTRIBUTE_POP	0	0	1	0		
co#UIS749	MANDATORY CONVERTIBLE INDICATOR B	STRING			1	co#ATTRIBUTE_POP	0	0	1	0		
co#UIS750	KZ SYNTHETISCHE CV	ASSOCIATED		co_YN_FLAG	1	co#ATTRIBUTE_POP	0	0	1	0		
co#UIS751	KZ PERFORMANCEGEBUEHR	ASSOCIATED		co_JN_FLAG	1	co#ATTRIBUTE_POP	0	0	1	0		
co#UIS752	CALL SCHEDULE	COMPOUND			1	co#ATTRIBUTE_POP	0	0	1	0		
co#UIS753	SOFT CALL SCHEDULE	COMPOUND			1	co#ATTRIBUTE_POP	0	0	1	0		
co#UIS754	ANWENDUNG TEV	ASSOCIATED		co_JN_FLAG	1	co#ATTRIBUTE_POP	0	0	1	0		
co#UIS755	MERRILL LYNCH COUNTRY	ASSOCIATED		co_MLB_COUNTRY	1	co#ATTRIBUTE_POP	0	0	1	0		
co#UIS756	SETTLEMENT-DATE (DS925)	INTEGER			1	co#ATTRIBUTE_POP	0	0	1	0		
co#UIS757	FREE FLOAT (DS914)	FLOAT			1	co#ATTRIBUTE_POP	0	0	1	0		
co#UIS758	ASSET ALLOC CASH % (LONG)	FLOAT			1	co#ATTRIBUTE_POP	0	0	1	0		
co#UIS759	ASSET ALLOC EQUITY % (LONG)	FLOAT			1	co#ATTRIBUTE_POP	0	0	1	0		
co#UIS760	ASSET ALLOC BOND % (LONG)	FLOAT			1	co#ATTRIBUTE_POP	0	0	1	0		
co#UIS761	ASSET ALLOC OTHER % (LONG)	FLOAT			1	co#ATTRIBUTE_POP	0	0	1	0		
co#UIS762	ASSET ALLOC CASH % (SHORT)	FLOAT			1	co#ATTRIBUTE_POP	0	0	1	0		
co#UIS763	ASSET ALLOC EQUITY % (SHORT)	FLOAT			1	co#ATTRIBUTE_POP	0	0	1	0		
co#UIS764	ASSET ALLOC BOND % (SHORT)	FLOAT			1	co#ATTRIBUTE_POP	0	0	1	0		
co#UIS765	ASSET ALLOC OTHER % (SHORT)	FLOAT			1	co#ATTRIBUTE_POP	0	0	1	0		
co#UIS766	EMISSION NACH DEUTSCHEM RECHT	ASSOCIATED		co_NY_FLAG	1	co#ATTRIBUTE_POP	0	0	1	0		
co#UIS767	BLOOMBERG TICKER (DS001)	STRING			1	co#ATTRIBUTE_POP	0	0	1	0		
co#UIS768	NOTIONAL BOND (BB_FO022)	STRING			1	co#ATTRIBUTE_POP	0	0	1	0		
co#UIS769	SECURITY TYPE (BB_DS213)	ASSOCIATED		co_SECURITY_TYPE	1	co#ATTRIBUTE_POP	0	0	1	0		
co#UIS770	FUTURE'S CONTRACT DATE (BB_FO203)	STRING			1	co#ATTRIBUTE_POP	0	0	1	0		
co#UIS771	ITRAXX CONSTITUENTS	COMPOUND			1	co#ATTRIBUTE_POP	0	0	1	0		
co#UIS772	DARLEHENSART	ASSOCIATED		co_DARLEHENSART	1	co#ATTRIBUTE_POP	0	0	1	0		
co#UIS773	ANLAGEGESCHW. FONDS (GD441)	STRING			1	co#ATTRIBUTE_POP	0	0	1	0		
co#UIS774	KZ ABSOLUTE RETURN	ASSOCIATED		co_ABSOLUTE_RETURN	1	co#ATTRIBUTE_POP	0	0	1	0		
co#UIS775	MARKTSEGMENT NACH WPHG	INTEGER			1	co#ATTRIBUTE_POP	0	0	1	0		
co#UIS776	KZ EMITTENTENWAHLRECHT	ASSOCIATED		co_JN_FLAG	1	co#ATTRIBUTE_POP	0	0	1	0		
co#UIS777	CFI-CODE	STRING			1	co#ATTRIBUTE_POP	0	0	1	0		
co#UIS778	STIMMRECHTSANZAHL EMITTENT	FLOAT			1	co#ATTRIBUTE_POP	0	0	1	0		
co#UIS780	LCR LEVEL	STRING			1	co#ATTRIBUTE_POP	0	0	1	0		
co#UIS781	LCR KURZNAME	STRING			1	co#ATTRIBUTE_POP	0	0	1	0		
co#UIS782	LCR ANRECHNUNGSFAKTOR	FLOAT			1	co#ATTRIBUTE_POP	0	0	1	0		
co#UIS783	LCR FAEHIGKEIT	ASSOCIATED		co_JN_FLAG	1	co#ATTRIBUTE_POP	0	0	1	0		
co#UIS784	VORLAUFZEIT SPREAD (IN TAGEN)	INTEGER			1	co#ATTRIBUTE_POP	0	0	1	0		
co#UIS785	PUT AUSGESPROCHEN	ASSOCIATED		co_JN_FLAG	1	co#ATTRIBUTE_POP	0	0	1	0		
co#UIS786	PUT ERFOLGT AM	DATE			1	co#ATTRIBUTE_POP	0	0	1	0		
co#UIS787	SPREAD COMPOUNDED MMN	COMPOUND			1	co#ATTRIBUTE_POP	0	0	1	0		
co#UIS788	UNIQUE IDENTIFIER FOR FUTURE OPTION (BB_ID124)	STRING			1	co#ATTRIBUTE_POP	0	0	1	0		
co#UIS789	AKTIENSTRATEGIE	ASSOCIATED		co_JN_FLAG	1	co#ATTRIBUTE_POP	0	0	1	0		
co#UIS790	RENTENSTRATEGIE	ASSOCIATED		co_JN_FLAG	1	co#ATTRIBUTE_POP	0	0	1	0		
co#UIS791	ROHSTOFFSTRATEGIE	ASSOCIATED		co_JN_FLAG	1	co#ATTRIBUTE_POP	0	0	1	0		
co#UIS792	ASSETALLOCATIONSTRATEGIE	ASSOCIATED		co_JN_FLAG	1	co#ATTRIBUTE_POP	0	0	1	0		
co#UIS794	IS BOND WITH WARRANT	ASSOCIATED		co_YN_FLAG	1		0	0	1	0		
co#UIS795	CATASTROPHE	ASSOCIATED		co_YN_FLAG	1		0	0	1	0		
co#UIS796	HAS CONVERSION REFIXES	ASSOCIATED		co_YN_FLAG	1		0	0	1	0		
co#UIS797	UNDERLYING SECURITY DES	STRING			1		0	0	1	0		
co#UIS798	PROJECTED CONVERSION PRICE	FLOAT			1		0	0	1	0		
co#UIS799	CONVERSION PRICE ATISSUE	FLOAT			1		0	0	1	0		
co#UIS800	PAYMENT RANK	ASSOCIATED		co_PAYMENT_RANK	1		0	0	1	0		
co#UIS801	HYBRID CUMULATIVE INDICATOR	ASSOCIATED		co_YN_FLAG	1		0	0	1	0		
co#UIS802	HYBRID INDICATOR	ASSOCIATED		co_YN_FLAG	1		0	0	1	0		
co#UIS803	TIER1 CAPITAL	ASSOCIATED		co_YN_FLAG	1	co#ATTRIBUTE_POP	0	0	1	0		
co#UIS804	LOWER TIER2 CAPITAL	ASSOCIATED		co_YN_FLAG	1	co#ATTRIBUTE_POP	0	0	1	0		
co#UIS805	UPPER TIER2 CAPITAL	ASSOCIATED		co_YN_FLAG	1	co#ATTRIBUTE_POP	0	0	1	0		
co#UIS806	BASEL III DESIGNATION	ASSOCIATED		co_BASEL_III_DESIGNATOR	1		0	0	1	0		
co#UIS807	COUPON TYPE RESET DATE	DATE			1		0	0	1	0		
co#UIS808	REFIX FREQ (OBSOLETE)	FLOAT			1		0	0	1	0		
co#UIS809	REFIX FREQ M	FLOAT			1		0	0	1	0		
co#UIS810	FLT DAYS PRIOR	INTEGER			1		0	0	1	0		
co#UIS811	INFLATION LINKED INDICATOR	ASSOCIATED		co_YN_FLAG	1		0	0	1	0		
co#UIS812	INFLATION LAG	INTEGER			1		0	0	1	0		
co#UIS813	CLAWBACK INDICATOR	ASSOCIATED		co_YN_FLAG	1		0	0	1	0		
co#UIS814	POISON PILL RIGHTS	ASSOCIATED		co_YN_FLAG	1		0	0	1	0		
co#UIS815	TAX CHANGES CALL	ASSOCIATED		co_YN_FLAG	1		0	0	1	0		
co#UIS816	CHNG OF CONTROL COVENANT	ASSOCIATED		co_YN_FLAG	1		0	0	1	0		
co#UIS817	CALL SCHEDULE	COMPOUND			1		0	0	1	0		
co#UIS818	PUT SCHEDULE	COMPOUND			1		0	0	1	0		
co#UIS819	EXTENDIBLE IS STILL EXTENDIBLE	ASSOCIATED		co_YN_FLAG	1		0	0	1	0		
co#UIS820	MTG DEAL NAME	STRING			1		0	0	1	0		
co#UIS821	TRANCHE NUM	STRING			1		0	0	1	0		
co#UIS822	BB ZIEHUNG IFRS9	DATE			1		0	0	1	0		
co#UIS823	KAPITALBETEILIGUNG	ASSOCIATED		co_JN_FLAG	1	co#ATTRIBUTE_POP	0	0	1	0		
co#UIS824	INCREMENT	FLOAT			1	co#ATTRIBUTE_POP	0	0	1	0		
co#UIS825	SERIE	INTEGER			1	co#ATTRIBUTE_POP	0	0	1	0		
co#UIS826	VERSION	INTEGER			1	co#ATTRIBUTE_POP	0	0	1	0		
co#UIS827	INDEXFACTOR	FLOAT			1	co#ATTRIBUTE_POP	0	0	1	0		
co#UIS828	INVFONDS_MIT_TEILFREISTELLUNG	ASSOCIATED		co_INVFONDS_TEILFREIST	1	co#ATTRIBUTE_POP	0	0	1	0		
co#UIS829	SPPI-KLASSIFIKATION	ASSOCIATED		co#SPPI_KLASSIFIKATION	1	co#ATTRIBUTE_POP	0	0	1	0		
co#UIS830	GRUND NICHT SPPI	ASSOCIATED		co#GRUND_NICHT_SPPI	1	co#ATTRIBUTE_POP	0	0	1	0		
co#UIS832	FUND CLASS MF	STRING			1	co#ATTRIBUTE_POP	0	0	1	0		
co#UIS833	ANWDB_BEST_VERFAHREN	ASSOCIATED		co_ANWD_BEST_VERF	1	co#ATTRIBUTE_POP	0	0	1	0		
co#UIS834	REFIX FREQ	ASSOCIATED		co_RESET_FREQUENCY	1		0	0	1	0		
co#UIS835	CNTRY_OF_RISK (BB_00000013)	ASSOCIATED		co_COUNTRY_CODE	1	co#ATTRIBUTE_POP	0	0	1	0		
co#UIS836	KAPBET MINQUOTE PROZ	FLOAT			1	co#ATTRIBUTE_POP	0	0	1	0		
co#UIS837	RISIKO LAND UNION	ASSOCIATED		co_COUNTRY_CODE	1	co#ATTRIBUTE_POP	0	0	1	0		
co#UIS839	OTC INSTRUMENT	ASSOCIATED		co_JN_FLAG	1	co#ATTRIBUTE_POP	0	0	1	0		
co#UIS840	REGION RK LAND	ASSOCIATED		co#REGION_RK_LAND	1	co#ATTRIBUTE_POP	0	0	1	0		
co#UIS841	EM FLAG	ASSOCIATED		co_JN_FLAG	1	co#ATTRIBUTE_POP	0	0	1	0		
co#UIS842	LOCAL CURRENCY	ASSOCIATED		co_CURRENCY_CODE	1	co#ATTRIBUTE_POP	0	0	1	0		
co#UIS843	VALUE OF 1 PT	STRING			1	co#ATTRIBUTE_POP	0	0	1	0		
co#UIS844	FUTURES CONTRACT EXPIRATION MONTH AND YEAR	STRING			1	co#ATTRIBUTE_POP	0	0	1	0		
co#UIS845	PM EINSCHAETZUNG KAPITALMARKTFLOATER	ASSOCIATED		co_JN_FLAG	1	co#ATTRIBUTE_POP	0	0	1	0		
co#UIS846	INVESTMENTANTEILE INLAND/AUSLAND (INVF � 26 NR 4 H)	ASSOCIATED		co_JN_FLAG	1	co#ATTRIBUTE_POP	0	0	1	0		
co#UIS847	KENNZEICHEN NEUEMISSION CRTS	ASSOCIATED		co_JN_FLAG	1	co#ATTRIBUTE_POP	0	0	1	0		
co#UIS848	ASSETKLASSE PRIIPS	ASSOCIATED		co#PRIIPS_ASSET_TYPES	1	co#ATTRIBUTE_POP	0	0	1	0		
co#UIS849	REGS / 144A	ASSOCIATED		co#REGS144A	1	co#ATTRIBUTE_POP	0	0	1	0		
co#UIS850	MF FUND CLASS	ASSOCIATED		co#MF_FUND_CLASS	1	co#ATTRIBUTE_POP	0	0	1	0		
co#UIS851	POSITION_UNION	ASSOCIATED		co#POSITION_UNION	1	co#ATTRIBUTE_POP	0	0	1	0		
co#UIS900	RED PAIR CODE	STRING			1	co#ATTRIBUTE_POP	0	0	1	0		
co_A0004	CORPORATE ACTION EVENT TYPE	ASSOCIATED		co_CA_EVENT_TYPE	1	co#ATTRIBUTE_POP	0	0	1	0		
co_A0005	VOLUNTARY MANDATORY INDICATOR	ASSOCIATED		co_MAND_VOLU_IND	1	co#ATTRIBUTE_POP	0	0	1	0		
co_A0006	CORPORATE ACTION STATUS CODE	ASSOCIATED		co_CA_STATUS_CODE	1	co#ATTRIBUTE_POP	0	0	1	0		
co_A0020	ID ISIN	STRING			1	co#ATTRIBUTE_POP	0	0	1	0		
co_A0026	ID WPK	STRING			1	co#ATTRIBUTE_POP	0	0	1	0		
co_A0027	SECURITY DESCRIPTION	STRING			1	co#ATTRIBUTE_POP	0	0	1	0		
co_A0029	COUNTRY	ASSOCIATED		co_COUNTRY_CODE	1	co#ATTRIBUTE_POP	0	0	1	0		
co_A0030	CURRENCY	ASSOCIATED		co_CURRENCY_CODE	1	co#ATTRIBUTE_POP	0	0	1	0		
co_A0031	EXCHANGE DESCRIPTION	ASSOCIATED		co_EXCHANGE_CODE	1	co#ATTRIBUTE_POP	0	0	1	0		
co_A0034	EFFECTIVE DATE	DATE			1	co#ATTRIBUTE_POP	0	0	1	0		
co_A0035	ANNOUNCEMENT DATE	DATE			1	co#ATTRIBUTE_POP	0	0	1	0		
co_A0036	EX-DATE	DATE			1	co#ATTRIBUTE_POP	0	0	1	0		
co_A0037	RECORD DATE	DATE			1	co#ATTRIBUTE_POP	0	0	1	0		
co_A0038	PAYMENT DATE	DATE			1	co#ATTRIBUTE_POP	0	0	1	0		
co_A0049	DEADLINE DATE	DATE			1	co#ATTRIBUTE_POP	0	0	1	0		
co_A0073	NET AMOUNT	FLOAT			1	co#ATTRIBUTE_POP	0	0	1	0		
co_A0074	TAX WITHHOLDING RATE	FLOAT			1	co#ATTRIBUTE_POP	0	0	1	0		
co_A0089	CORPORATE ACTION SEQUENCE ID	STRING			1	co#ATTRIBUTE_POP	0	0	1	0		
co_A0090	NEW ID ISIN	STRING			1	co#ATTRIBUTE_POP	0	0	1	0		
co_A0105	NEW ID WPK	STRING			1	co#ATTRIBUTE_POP	0	0	1	0		
co_A0122	SUBSCRIPTION PRICE	FLOAT			1	co#ATTRIBUTE_POP	0	0	1	0		
co_A0127	GROSS AMOUNT	FLOAT			1	co#ATTRIBUTE_POP	0	0	1	0		
co_A0128	ACQUISITION PAYMENT TYPE	ASSOCIATED		co_ACQ_PAYMENT_TYPE	1	co#ATTRIBUTE_POP	1	0	1	0		
co_A0142	LISTING STATUS	ASSOCIATED		co_MARKET_STATUS	1	co#ATTRIBUTE_POP	0	0	1	0		
co_A0151	NEW CURRENCY	ASSOCIATED		co_CURRENCY_CODE	1	co#ATTRIBUTE_POP	0	0	1	0		
co_A0156	DELAY DAYS	INTEGER			1	co#ATTRIBUTE_POP	0	0	1	0		
co_A0162	CASH CONVERSION INDICATOR	ASSOCIATED		co_YN_FLAG	1	co#ATTRIBUTE_POP	0	0	1	0		
co_A0164	TAXABILITY INDICATOR	ASSOCIATED		co_YN_FLAG	1	co#ATTRIBUTE_POP	0	0	1	0		
co_A0169	TAX AMOUNT	FLOAT			1	co#ATTRIBUTE_POP	0	0	1	0		
co_A0174	FRANKING AMOUNT	FLOAT			1	co#ATTRIBUTE_POP	0	0	1	0		
co_A0177	PRICE	FLOAT			1	co#ATTRIBUTE_POP	0	0	1	0		
co_A0179	ALTERNATE CURRENCY CODE	ASSOCIATED		co_CURRENCY_CODE	1	co#ATTRIBUTE_POP	0	0	1	0		
co_A0181	CHOICE 2: GROSS AMOUNT	FLOAT			1	co#ATTRIBUTE_POP	0	0	1	0		
co_A0186	INTERMEDIARY	STRING			1	co#ATTRIBUTE_POP	0	0	1	0		
co_A0187	OPTIONAL AMOUNT BEING SUNK	FLOAT			1	co#ATTRIBUTE_POP	0	0	1	0		
co_A0189	PUBLICATION DATE	DATE			1	co#ATTRIBUTE_POP	0	0	1	0		
co_A0191	REDEMPTION PRICE	FLOAT			1	co#ATTRIBUTE_POP	0	0	1	0		
co_A0193	SCHEDULED SINKING FUND AMOUNT	FLOAT			1	co#ATTRIBUTE_POP	0	0	1	0		
co_A0216	BANKRUPTCY STAGE	ASSOCIATED		co_BANKRUPTCY_STAGE	1	co#ATTRIBUTE_POP	0	0	1	0		
co_A0218	ORIGINAL SOURCE OF DATA	ASSOCIATED		co_DATA_SOURCE	1	co#ATTRIBUTE_POP	0	0	1	0		
co_A0222	NARRATIVE	TEXT			1	co#ATTRIBUTE_POP	0	0	1	0		
co_A0224	CHOICE 1: GROSS AMOUNT	FLOAT			1	co#ATTRIBUTE_POP	0	0	1	0		
co_A0226	SPLIT RATIO NUMERATOR	FLOAT			1	co#ATTRIBUTE_POP	0	0	1	0		
co_A0234	ID ISIN (INTERMEDIATE)	STRING			1	co#ATTRIBUTE_POP	0	0	1	0		
co_A0239	DISTRIBUTION RATIO NUMERATOR	FLOAT			1	co#ATTRIBUTE_POP	0	0	1	0		
co_A0240	SUBSCRIPTION RATIO NUMERATOR	FLOAT			1	co#ATTRIBUTE_POP	0	0	1	0		
co_A0242	OFFERED PRICE	FLOAT			1	co#ATTRIBUTE_POP	0	0	1	0		
co_A0243	OFFERED PRICE CURRENCY	ASSOCIATED		co_CURRENCY_CODE	1	co#ATTRIBUTE_POP	0	0	1	0		
co_A0249	CONVERSION RATIO NUMERATOR	FLOAT			1	co#ATTRIBUTE_POP	0	0	1	0		
co_A0255	GROSS AMOUNT CURRENCY	ASSOCIATED		co_CURRENCY_CODE	1	co#ATTRIBUTE_POP	0	0	1	0		
co_A0261	SUBSCRIPTION PRICE CURRENCY	ASSOCIATED		co_CURRENCY_CODE	1	co#ATTRIBUTE_POP	0	0	1	0		
co_A0272	CURRENCY OF LIMIT AMOUNT	ASSOCIATED		co_CURRENCY_CODE	1	co#ATTRIBUTE_POP	0	0	1	0		
co_A0275	NET AMOUNT CURRENCY	ASSOCIATED		co_CURRENCY_CODE	1	co#ATTRIBUTE_POP	0	0	1	0		
co_A0283	DISTRIBUTION RATIO DENOMINATOR	FLOAT			1	co#ATTRIBUTE_POP	0	0	1	0		
co_A0286	SUBSCRIPTION RATIO DENOMINATOR	FLOAT			1	co#ATTRIBUTE_POP	0	0	1	0		
co_A0292	CONVERSION RATIO DENOMINATOR	FLOAT			1	co#ATTRIBUTE_POP	0	0	1	0		
co_A0295	SPLIT RATIO DENOMINATOR	FLOAT			1	co#ATTRIBUTE_POP	0	0	1	0		
co_A0300	CHOICE 1: TYPE	ASSOCIATED		co_CHOICE_TYPE	1	co#ATTRIBUTE_POP	0	0	1	0		
co_A0301	CHOICE 1: GROSS AMOUNT CURRENCY	ASSOCIATED		co_CHOICE_GROSS_AMOUNT_CURRENCY	1	co#ATTRIBUTE_POP	0	0	1	0		
co_A0318	PAR VALUE	FLOAT			1	co#ATTRIBUTE_POP	0	0	1	0		
co_I0005	NOMINAL VALUE	FLOAT			1	co#ATTRIBUTE_POP	0	0	1	0		
co_I0006	NOMINAL VALUE CURRENCY	ASSOCIATED		co_CURRENCY_CODE	1	co#ATTRIBUTE_POP	0	0	1	0		
co_I0009	ISSUE LONG DESCRIPTION	STRING			1	co#ATTRIBUTE_POP	0	0	1	0		
co_I0010	ISSUE SHORT DESCRIPTION	STRING			1	co#ATTRIBUTE_POP	0	0	1	0		
co_I0011	DATE OF ISSUE	DATE			1	co#ATTRIBUTE_POP	0	0	1	0		
co_I0012	MATURITY DATE	DATE			1	co#ATTRIBUTE_POP	0	0	1	0		
co_I0013	NEXT OPTIONAL MATURITY DATE	DATE			1	co#ATTRIBUTE_POP	0	0	1	0		
co_I0015	VOTING RIGHTS PER SHARE	FLOAT			1	co#ATTRIBUTE_POP	0	0	1	0		
co_I0019	SECURITY TYPE CODE SECONDARY	ASSOCIATED		co_SECONDARY_SECURITY_TYPE	1		0	0	1	0		
co_I0021	EMISSIONSLAND	ASSOCIATED		co_COUNTRY_CODE	1	co#ATTRIBUTE_POP	0	0	1	0		
co_I0022	COUNTRY OF PRIMARY MARKET	ASSOCIATED		co_COUNTRY_CODE	1	co#ATTRIBUTE_POP	0	0	1	0		
co_I0023	ORIGINAL ISSUE AMOUNT	FLOAT			1	co#ATTRIBUTE_POP	0	0	1	0		
co_I0031	ID CUSIP/CINS/PPN	STRING			1		0	0	1	0		
co_I0035	ID ISIN	STRING			1	co#ATTRIBUTE_POP	0	0	1	0		
co_I0040	ID RIC (REUTERS)	STRING			1	co#ATTRIBUTE_POP	0	0	1	0		
co_I0041	ID SEDOL	STRING			1	co#ATTRIBUTE_POP	1	0	1	0		
co_I0042	ID VALOREN	STRING			1	co#ATTRIBUTE_POP	0	0	1	0		
co_I0043	ID WPK	STRING			1	co#ATTRIBUTE_POP	0	0	1	0		
co_I0045	DV ISSUER IDENTIFICATION CODE	STRING			1	co#ATTRIBUTE_POP	0	0	1	0		
co_I0047	EXCHANGE	ASSOCIATED		co_EXCHANGE_CODE	1	co#ATTRIBUTE_POP	0	0	1	0		
co_I0053	DV INSTRUMENT IDENTIFICATION CODE	STRING			1	co#ATTRIBUTE_POP	0	0	1	0		
co_I0056	PREVIOUS PAYMENT DATE	DATE			1	co#ATTRIBUTE_POP	0	0	1	0		
co_I0058	INCOME PAYMENT CURRENCY CODE	ASSOCIATED		co_CURRENCY_CODE	1	co#ATTRIBUTE_POP	0	0	1	0		
co_I0063	DV UNDERLYING INSTRUMENT ID	STRING			1	co#ATTRIBUTE_POP	0	0	1	0		
co_I0064	RELATIONSHIP RATIO	FLOAT			1	co#ATTRIBUTE_POP	0	0	1	0		
co_I0066	INTEREST RATE START DATE	DATE			1	co#ATTRIBUTE_POP	0	0	1	0		
co_I0070	FLOATER RESET INDEX	ASSOCIATED		co_INTEREST_RATE_FC	1	co#ATTRIBUTE_POP	0	0	1	0		
co_I0071	INTEREST RATE CAP	FLOAT			1	co#ATTRIBUTE_POP	0	0	1	0		
co_I0072	INTEREST RATE FLOOR	FLOAT			1	co#ATTRIBUTE_POP	0	0	1	0		
co_I0073	TRADING UNIT MINIMUM	FLOAT			1	co#ATTRIBUTE_POP	0	0	1	0		
co_I0075	REDEMPTION PRICE	FLOAT			1	co#ATTRIBUTE_POP	0	0	1	0		
co_I0078	REDEMPTION TYPE CODE	ASSOCIATED		co_REDEMPTION_TYPE_CODE	1	co#ATTRIBUTE_POP	0	0	1	0		
co_I0080	REDEMPTION END DATE	DATE			1	co#ATTRIBUTE_POP	0	0	1	0		
co_I0085	NEXT CALL PRICE	FLOAT			1	co#ATTRIBUTE_POP	0	0	1	0		
co_I0091	CALLED	ASSOCIATED		co_CALLED	1	co#ATTRIBUTE_POP	0	0	1	0		
co_I0094	12 MONTH DPS AMOUNT	FLOAT			1	co#ATTRIBUTE_POP	0	0	1	0		
co_I0096	CONVERTIBLE INDICATOR	ASSOCIATED		co_YN_FLAG	1	co#ATTRIBUTE_POP	0	0	1	0		
co_I0097	CONVERSION START DATE	DATE			1	co#ATTRIBUTE_POP	0	0	1	0		
co_I0098	CONVERSION END DATE	DATE			1	co#ATTRIBUTE_POP	0	0	1	0		
co_I0100	CONVERSION PRICE	FLOAT			1	co#ATTRIBUTE_POP	0	0	1	0		
co_I0103	ACCRUAL DAY COUNT CODE	ASSOCIATED		co_ACCRUAL_DAY_COUNT_CODE	1	co#ATTRIBUTE_POP	0	0	1	0		
co_I0104	EXERCISE TYPE	ASSOCIATED		co_CONTRACT_EXERCISE_TYPE	1	co#ATTRIBUTE_POP	0	0	1	0		
co_I0106	COUPON RATE	FLOAT			1	co#ATTRIBUTE_POP	0	0	1	0		
co_I0108	ORIGINAL DATED DATE	DATE			1	co#ATTRIBUTE_POP	0	0	1	0		
co_I0109	SERIES VALUE	STRING			1	co#ATTRIBUTE_POP	0	0	1	0		
co_I0110	FIRST COUPON PAYMENT DATE	DATE			1	co#ATTRIBUTE_POP	0	0	1	0		
co_I0111	BOERSENTICKER	STRING			1	co#ATTRIBUTE_POP	0	0	1	0		
co_I0112	DUAL CURRENCY FLAG	ASSOCIATED		co_YN_FLAG	1	co#ATTRIBUTE_POP	0	0	1	0		
co_I0113	NEXT PAYABLE DATE	DATE			1	co#ATTRIBUTE_POP	0	0	1	0		
co_I0115	ORIGINAL ISSUE PRICE	FLOAT			1	co#ATTRIBUTE_POP	0	0	1	0		
co_I0127	STRIKE PRICE	FLOAT			1	co#ATTRIBUTE_POP	0	0	1	0		
co_I0129	SECURITY TYPE CODE SECONDARY (N01.4)	ASSOCIATED		co_SECONDARY_SECURITY_TYPE	1	co#ATTRIBUTE_POP	0	0	1	0		
co_I0135	REGISTERED FLAG	ASSOCIATED		co_YNU_FLAG	1	co#ATTRIBUTE_POP	0	0	1	0		
co_I0138	COLLATERAL TYPE	ASSOCIATED		co_COLLATERAL_TYPE	1		0	0	1	0		
co_I0139	QUANTITY OF ADRS/RIGHTS/WARRANTS PER UNDERLYING SHARE	FLOAT			1	co#ATTRIBUTE_POP	0	0	1	0		
co_I0140	QUANTITY OF UNDERLYING SHARES PER ADR/RIGHT/WARRANT	FLOAT			1	co#ATTRIBUTE_POP	0	0	1	0		
co_I0141	UNDERLYING SECURITY ISIN	STRING			1	co#ATTRIBUTE_POP	0	0	1	0		
co_I0142	AMOUNT OUTSTANDING	FLOAT			1	co#ATTRIBUTE_POP	0	0	1	0		
co_I0145	CALL DISCRETE FLAG	ASSOCIATED		co_YN_FLAG	1	co#ATTRIBUTE_POP	0	0	1	0		
co_I0146	CALL FEATURE PERIOD	ASSOCIATED		co_CALL_FEATURE_PERIOD	1	co#ATTRIBUTE_POP	0	0	1	0		
co_I0147	CALLABLE FLAG	ASSOCIATED		co_YN_FLAG	1	co#ATTRIBUTE_POP	0	0	1	0		
co_I0149	COUPON TYPE CODE	ASSOCIATED		co_COUPON_TYPE_CODE	1	co#ATTRIBUTE_POP	0	0	1	0		
co_I0156	BLOOMBERG TICKER	STRING			1	co#ATTRIBUTE_POP	0	0	1	0		
co_I0157	MOODY'S RATING EFFECTIVE DATE	DATE			1	co#ATTRIBUTE_POP	0	0	1	0		
co_I0163	FLOATER RESET FLAG	ASSOCIATED		co_YN_FLAG	1	co#ATTRIBUTE_POP	0	0	1	0		
co_I0167	CONTRACT SIZE	FLOAT			1	co#ATTRIBUTE_POP	0	0	1	0		
co_I0173	CONTRACT LAST TRADE DATE	DATE			1	co#ATTRIBUTE_POP	0	0	1	0		
co_I0176	FITCH RATING EFFECTIVE DATE	DATE			1	co#ATTRIBUTE_POP	0	0	1	0		
co_I0192	MATURITY TYPE SUMMARY	ASSOCIATED		co_MATURITY_TYPE_SUMMARY	1		0	0	1	0		
co_I0196	CALL/PUT INDICATOR	ASSOCIATED		co_PUT_CALL_FLAG	1	co#ATTRIBUTE_POP	0	0	1	0		
co_I0197	PUT DISCRETE FLAG	ASSOCIATED		co_YN_FLAG	1	co#ATTRIBUTE_POP	0	0	1	0		
co_I0198	PUT FLAG	ASSOCIATED		co_YN_FLAG	1	co#ATTRIBUTE_POP	0	0	1	0		
co_I0206	CALLED DATE	DATE			1	co#ATTRIBUTE_POP	0	0	1	0		
co_I0209	SINK INDICATOR	ASSOCIATED		co_YN_FLAG	1	co#ATTRIBUTE_POP	0	0	1	0		
co_I0214	ZERO COUPON FLAG	ASSOCIATED		co_YN_FLAG	1	co#ATTRIBUTE_POP	0	0	1	0		
co_I0221	MOODY'S RATING	ASSOCIATED		co_MOODYS_RATING	1	co#ATTRIBUTE_POP	0	0	1	0		
co_I0222	FITCH RATING	ASSOCIATED		co_FITCH_RATING	1	co#ATTRIBUTE_POP	0	0	1	0		
co_I0225	VERWAHRART_PHYSISCH	ASSOCIATED		co_YNU_FLAG	1	co#ATTRIBUTE_POP	0	0	1	0		
co_I0227	PERPETUAL FLAG	ASSOCIATED		co_YN_FLAG	1	co#ATTRIBUTE_POP	0	0	1	0		
co_I0237	MUNICIPAL REFUNDING STATUS	ASSOCIATED		co_YN_FLAG	1	co#ATTRIBUTE_POP	0	0	1	0		
co_I0239	STEP-COUPON	FLOAT			1	co#ATTRIBUTE_POP	0	0	1	0		
co_I0240	STEP-COUPON DATE	DATE			1	co#ATTRIBUTE_POP	0	0	1	0		
co_I0244	MARGIN PERCENTAGE	FLOAT			1	co#ATTRIBUTE_POP	0	0	1	0		
co_I0247	TRADING CURRENCY	ASSOCIATED		co_CURRENCY_CODE	1	co#ATTRIBUTE_POP	0	0	1	0		
co_I0248	S&P RATING	ASSOCIATED		co_SP_RATING	1	co#ATTRIBUTE_POP	0	0	1	0		
co_I0249	S&P RATING EFFECTIVE DATE	DATE			1	co#ATTRIBUTE_POP	0	0	1	0		
co_I0255	FLOATER RESET INDEX FACTOR	FLOAT			1	co#ATTRIBUTE_POP	0	0	1	0		
co_I0256	AUSGABEAUFSCHLAG	FLOAT			1	co#ATTRIBUTE_POP	0	0	1	0		
co_I0257	RUECKNAHMEABSCHLAG	FLOAT			1	co#ATTRIBUTE_POP	0	0	1	0		
co_I0258	TOTAL EXPENSE RATIO	FLOAT			1	co#ATTRIBUTE_POP	0	0	1	0		
co_I0259	REDEMPTION CURRENCY	ASSOCIATED		co_CURRENCY_CODE	1	co#ATTRIBUTE_POP	0	0	1	0		
co_I0260	REVERSE CONVERTIBLE INDICATOR	ASSOCIATED		co_YN_FLAG	1	co#ATTRIBUTE_POP	0	0	1	0		
co_I0270	EXTENDABLE FLAG	ASSOCIATED		co_YN_FLAG	1	co#ATTRIBUTE_POP	0	0	1	0		
co_I0272	NOTICE PERIOD CALL (IN TAGEN)	INTEGER			1	co#ATTRIBUTE_POP	0	0	1	0		
co_I0274	PUT NOTICE PERIOD	INTEGER			1	co#ATTRIBUTE_POP	0	1	1	0		
co_I0286	BRADY FLAG	ASSOCIATED		co_YN_FLAG	1	co#ATTRIBUTE_POP	0	0	1	0		
co_I0287	VENDOR NOTES	TEXT			1	co#ATTRIBUTE_POP	0	0	1	0		
co_I0294	SENIORITY	ASSOCIATED		co_SENIORITY	1	co#ATTRIBUTE_POP	0	0	1	0		
co_I0295	ZINS-COMPOUND (ALGO)	COMPOUND			1	co#ATTRIBUTE_POP	0	0	1	0		
co_I0298	LAST COUPON PAYMENT DATE PRIOR TO MATURITY	DATE			1	co#ATTRIBUTE_POP	0	0	1	0		
co_I0304	SPREAD-COMPOUND (ALGO)	COMPOUND			1	co#ATTRIBUTE_POP	0	0	1	0		
co_I0306	CALL SCHEDULE	COMPOUND			1	co#ATTRIBUTE_POP	0	0	1	0		
co_I0306A	CALL TERMS REFERENCE ID	INTEGER			1	co#ATTRIBUTE_POP	0	1	1	0		
co_I0306B	CALL PERIOD START DATE	DATE			1	co#ATTRIBUTE_POP	0	1	1	0		
co_I0306C	CALL PERIOD END DATE	DATE			1	co#ATTRIBUTE_POP	0	1	1	0		
co_I0306D	STRIKE PRICE	FLOAT			1	co#ATTRIBUTE_POP	0	1	1	0		
co_I0306E	CALL PRICE DESCRIPTION	ASSOCIATED		co_STRIKE_PRICE_DESCRIPTION	1	co#ATTRIBUTE_POP	0	1	1	0		
co_I0306G	REDEMPTION SETTLEMENT CURRENCY	ASSOCIATED		co_CURRENCY_CODE	1	co#ATTRIBUTE_POP	0	1	1	0		
co_I0308	PUT SCHEDULE	COMPOUND			1	co#ATTRIBUTE_POP	0	0	1	0		
co_I0308A	PUT TERMS REFERENCE ID	INTEGER			1	co#ATTRIBUTE_POP	0	1	1	0		
co_I0308B	PUT PERIOD START DATE	DATE			1	co#ATTRIBUTE_POP	0	1	1	0		
co_I0308C	PUT PERIOD END DATE	DATE			1	co#ATTRIBUTE_POP	0	1	1	0		
co_I0308D	STRIKE PRICE	FLOAT			1	co#ATTRIBUTE_POP	0	1	1	0		
co_I0308E	PUT PRICE DESCRIPTION	ASSOCIATED		co_STRIKE_PRICE_DESCRIPTION	1	co#ATTRIBUTE_POP	0	1	1	0		
co_I0308G	REDEMPTION SETTLEMENT CURRENCY	ASSOCIATED		co_CURRENCY_CODE	1	co#ATTRIBUTE_POP	0	1	1	0		
co_I0309	EFFECTIVE MATURITY DATE	DATE			1	co#ATTRIBUTE_POP	0	0	1	0		
co_I0317	INDEX PRINCIPAL ADJUSTED FLAG	ASSOCIATED		co_YN_FLAG	1	co#ATTRIBUTE_POP	0	0	1	0		
co_I0322	MANDATORY CONVERTIBLE INDICATOR	ASSOCIATED		co_YN_FLAG	1	co#ATTRIBUTE_POP	0	0	1	0		
co_I0324	INCOME PAYMENT FREQUENCY	INTEGER			1	co#ATTRIBUTE_POP	0	0	1	0		
co_I0325	INCOME PAYMENT FREQUENCY CODE	ASSOCIATED		co_INCOME_PAYMENT_FREQ	1	co#ATTRIBUTE_POP	0	0	1	0		
co_I0336	CALENDAR CODE FOR SETTLEMENT	ASSOCIATED		co_CALENDAR_CODE	1	co#ATTRIBUTE_POP	0	0	1	0		
co_I0337	COUNTRY CALENDAR CODE FOR TRADING	ASSOCIATED		co_CALENDAR_CODE	1	co#ATTRIBUTE_POP	0	0	1	0		
co_I0362	RESET FREQUENCY CODE	ASSOCIATED		co_FREQUENCY	1	co#ATTRIBUTE_POP	0	0	1	0		
co_I0372	DV ISSUE LONG DESCRIPTION	STRING			1	co#ATTRIBUTE_POP	0	0	1	0		
co_I0373	DV ISSUE SHORT DESCRIPTION	STRING			1	co#ATTRIBUTE_POP	0	0	1	0		
co_I0439	ALTERNATIVE INSTRUMENT IDENTIFIER	STRING			1	co#ATTRIBUTE_POP	0	0	1	0		
co_IS005	COUNTRY OF TAXATION	ASSOCIATED		co_COUNTRY_CODE	1	co#ATTRIBUTE_POP	0	0	1	0		
co_IS011	ISSUER LONG DESCRIPTION	STRING			1	co#ATTRIBUTE_POP	0	0	1	0		
co_IS012	ISSUER SHORT DESCRIPTION	STRING			1	co#ATTRIBUTE_POP	0	0	1	0		
co_IS014	DV ISSUER IDENTIFICATION CODE	STRING			1	co#ATTRIBUTE_POP	0	0	1	0		
co_IS015	MOODYS ST LC ISSUER RATING	ASSOCIATED		co_MOODYS_RATING	1	co#ATTRIBUTE_POP	0	0	1	0		
co_IS016	FITCH ST ISSUER RATING	ASSOCIATED		co_FITCH_RATING	1	co#ATTRIBUTE_POP	0	0	1	0		
co_IS019	S&P ST LC ISSUER RATING	ASSOCIATED		co_SP_RATING	1	co#ATTRIBUTE_POP	0	0	1	0		
co_IS020	S&P ST LC ISSUER RATING EFFECTIVE DATE	DATE			1	co#ATTRIBUTE_POP	0	0	1	0		
co_IS023	S&P LT LC ISSUER RATING	ASSOCIATED		co_SP_RATING	1	co#ATTRIBUTE_POP	0	0	1	0		
co_IS024	S&P LT LC ISSUER RATING EFFECTIVE DATE	DATE			1	co#ATTRIBUTE_POP	0	0	1	0		
co_IS027	S&P ST FC ISSUER RATING	ASSOCIATED		co_SP_RATING	1	co#ATTRIBUTE_POP	0	0	1	0		
co_IS028	S&P ST FC ISSUER RATING EFFECTIVE DATE	DATE			1	co#ATTRIBUTE_POP	0	0	1	0		
co_IS031	S&P LT FC ISSUER RATING	ASSOCIATED		co_SP_RATING	1	co#ATTRIBUTE_POP	0	0	1	0		
co_IS032	S&P LT FC ISSUER RATING EFFECTIVE DATE	DATE			1	co#ATTRIBUTE_POP	0	0	1	0		
co_IS048	COUNTRY OF INCORPORATION & SUPRANATIONAL INSTITUTIONS	ASSOCIATED		co_COUNTRY_CODE	1	co#ATTRIBUTE_POP	0	0	1	0		
co_IS051	DV PARENT COMPANY IDENTIFCATION CODE	STRING			1	co#ATTRIBUTE_POP	0	0	1	0		
co_IS057	MOODYS ST LC ISSUER RATING EFFECTIVE DATE	DATE			1	co#ATTRIBUTE_POP	0	0	1	0		
co_IS060	MOODYS LT LC ISSUER RATING	ASSOCIATED		co_MOODYS_RATING	1	co#ATTRIBUTE_POP	0	0	1	0		
co_IS061	MOODYS LT LC ISSUER RATING EFFECTIVE DATE	DATE			1	co#ATTRIBUTE_POP	0	0	1	0		
co_IS066	MOODYS ST FC ISSUER RATING	ASSOCIATED		co_MOODYS_RATING	1	co#ATTRIBUTE_POP	0	0	1	0		
co_IS067	MOODYS ST FC ISSUER RATING EFFECTIVE DATE	DATE			1	co#ATTRIBUTE_POP	0	0	1	0		
co_IS070	MOODYS LT FC ISSUER RATING	ASSOCIATED		co_MOODYS_RATING	1	co#ATTRIBUTE_POP	0	0	1	0		
co_IS071	MOODYS LT FC ISSUER RATING EFFECTIVE DATE	DATE			1	co#ATTRIBUTE_POP	0	0	1	0		
co_IS076	FITCH ST ISSUER RATING EFFECTIVE DATE	DATE			1	co#ATTRIBUTE_POP	0	0	1	0		
co_IS079	FITCH LT LC ISSUER RATING	ASSOCIATED		co_FITCH_RATING	1	co#ATTRIBUTE_POP	0	0	1	0		
co_IS080	FITCH LT LC ISSUER RATING EFFECTIVE DATE	DATE			1	co#ATTRIBUTE_POP	0	0	1	0		
co_IS083	FITCH LT FC ISSUER RATING	ASSOCIATED		co_FITCH_RATING	1	co#ATTRIBUTE_POP	0	0	1	0		
co_IS084	FITCH LT FC ISSUER RATING EFFECTIVE DATE	DATE			1	co#ATTRIBUTE_POP	0	0	1	0		
co_IS100	DV ULTIMATE PARENT COMPANY IDENTIFCATION CODE	STRING			1	co#ATTRIBUTE_POP	0	0	1	0		
co_IS102	PRIMARY TICKER	STRING			1	co#ATTRIBUTE_POP	0	0	1	0		
co_SOURCES	CONSOLIDATION SOURCES	ADO			2		1	0	0	0		
co_TRIGGER	CONSOLIDATION TRIGGER	ADO			2		1	0	0	0		
