symbol	entry	trigger	
co#IX0030	co#UIA007		
co#IX0030	co#UIA029		
co#IX0030	co#UIA131		
co#IX0030	co#UIS487		
co#IX0030	co#UIS666		
co#IX0034	co#UIA007		
co#IX0034	co#UIA029		
co#IX0034	co#UIA131		
co#IX0034	co#UIS487		
co#IX0034	co#UIS666		
co#UIA000	co#UIA007		
co#UIA000	co#UIA029		
co#UIA000	co#UIA131		
co#UIA000	co#UIS009		
co#UIA000	co#UIS047		
co#UIA000	co#UIS087		
co#UIA000	co#UIS088		
co#UIA000	co#UIS407		
co#UIA000	co#UIS487		
co#UIA000	co#UIS666		
co#UIA000	co#UIS767		
co#UIA000	co#UIS770		
co#UIA000	co_I0043		
co#UIA000	co_I0156		
co#UIA000	co_IS014		
co#UIA000	co#UIS661		
co#UIA002	co#UIA007		
co#UIA002	co#UIA029		
co#UIA002	co#UIA131		
co#UIA002	co#UIS487		
co#UIA002	co#UIS666		
co#UIA003	co#UIA007		
co#UIA003	co#UIA029		
co#UIA003	co#UIA131		
co#UIA003	co#UIS487		
co#UIA003	co#UIS666		
co#UIA003	co_SOURCES		
co#UIA007	co#UIA112		
co#UIA007	co#UIA113		
co#UIA007	co#UIA115		
co#UIA007	co#UIA116		
co#UIA007	co#UIA117		
co#UIA007	co#UIA118		
co#UIA007	co#UIA119		
co#UIA007	co#UIA120		
co#UIA007	co#UIA121		
co#UIA007	co#UIA139		
co#UIA007	co#UIA140		
co#UIA007	co#UIA141		
co#UIA007	co#UIA142		
co#UIA007	co#UIA143		
co#UIA007	co#UIA144		
co#UIA007	co#UIA145		
co#UIA007	co#UIA146		
co#UIA007	co#UIA147		
co#UIA007	co#UIA148		
co#UIA007	co#UIA151		
co#UIA025	co#UIA007		
co#UIA025	co#UIA029		
co#UIA025	co#UIA131		
co#UIA025	co#UIS487		
co#UIA025	co#UIS666		
co#UIA028	co#UIA007		
co#UIA028	co#UIA029		
co#UIA028	co#UIA131		
co#UIA028	co#UIS487		
co#UIA028	co#UIS666		
co#UIA040	co#UIA007		
co#UIA040	co#UIA029		
co#UIA040	co#UIA131		
co#UIA040	co#UIS487		
co#UIA040	co#UIS666		
co#UIA041	co#UIA007		
co#UIA041	co#UIA029		
co#UIA041	co#UIA131		
co#UIA041	co#UIS487		
co#UIA041	co#UIS666		
co#UIA042	co#UIA007		
co#UIA042	co#UIA029		
co#UIA042	co#UIA131		
co#UIA042	co#UIS487		
co#UIA042	co#UIS666		
co#UIA043	co#UIA007		
co#UIA043	co#UIA029		
co#UIA043	co#UIA131		
co#UIA043	co#UIS487		
co#UIA043	co#UIS666		
co#UIA044	co#UIA007		
co#UIA044	co#UIA029		
co#UIA044	co#UIA131		
co#UIA044	co#UIS487		
co#UIA044	co#UIS666		
co#UIA045	co#UIA007		
co#UIA045	co#UIA029		
co#UIA045	co#UIA131		
co#UIA045	co#UIS487		
co#UIA045	co#UIS666		
co#UIA046	co#UIA007		
co#UIA046	co#UIA029		
co#UIA046	co#UIA131		
co#UIA046	co#UIS487		
co#UIA046	co#UIS666		
co#UIA047	co#UIA007		
co#UIA047	co#UIA029		
co#UIA047	co#UIA131		
co#UIA047	co#UIS487		
co#UIA047	co#UIS666		
co#UIA048	co#UIA007		
co#UIA048	co#UIA029		
co#UIA048	co#UIA131		
co#UIA048	co#UIS487		
co#UIA048	co#UIS666		
co#UIA061	co#UIA007		
co#UIA061	co#UIA029		
co#UIA061	co#UIA112		
co#UIA061	co#UIA131		
co#UIA061	co#UIS487		
co#UIA061	co#UIS666		
co#UIA061B	co#UIA007		
co#UIA061B	co#UIA029		
co#UIA061B	co#UIA061		
co#UIA061B	co#UIA131		
co#UIA061B	co#UIS487		
co#UIA061B	co#UIS666		
co#UIA062	co#UIA007		
co#UIA062	co#UIA029		
co#UIA062	co#UIA131		
co#UIA062	co#UII072		
co#UIA062	co#UII073		
co#UIA062	co#UII726		
co#UIA062	co_IS015		
co#UIA062	co_IS016		
co#UIA062	co_IS019		
co#UIA062	co_IS020		
co#UIA062	co_IS023		
co#UIA062	co_IS024		
co#UIA062	co_IS027		
co#UIA062	co_IS028		
co#UIA062	co_IS031		
co#UIA062	co_IS032		
co#UIA062	co_IS057		
co#UIA062	co_IS060		
co#UIA062	co_IS061		
co#UIA062	co_IS066		
co#UIA062	co_IS067		
co#UIA062	co_IS070		
co#UIA062	co_IS071		
co#UIA062	co_IS076		
co#UIA062	co_IS079		
co#UIA062	co_IS080		
co#UIA062	co_IS083		
co#UIA062	co_IS084		
co#UIA066	co#UIA007		
co#UIA066	co#UIA029		
co#UIA066	co#UIA131		
co#UIA066	co#UII019		
co#UIA066	co#UII477		
co#UIA066	co#UII479		
co#UIA067	co#UIA007		
co#UIA067	co#UIA029		
co#UIA067	co#UIA112		
co#UIA067	co#UIA131		
co#UIA067	co#UIS487		
co#UIA067	co#UIS666		
co#UIA067B	co#UIA007		
co#UIA067B	co#UIA029		
co#UIA067B	co#UIA067		
co#UIA067B	co#UIA131		
co#UIA067B	co#UIS487		
co#UIA067B	co#UIS666		
co#UIA068	co#UIA007		
co#UIA068	co#UIA029		
co#UIA068	co#UIA131		
co#UIA068	co#UIS105		
co#UIA068	co#UIS106		
co#UIA068	co#UIS387		
co#UIA068	co#UIS453		
co#UIA068	co#UIS485		
co#UIA068	co#UIS487		
co#UIA068	co#UIS489		
co#UIA068	co#UIS504		
co#UIA068	co#UIS653		
co#UIA068	co#UIS666		
co#UIA068	co#UIS667		
co#UIA068	co#UIS668		
co#UIA068	co#UIS669		
co#UIA068	co#UIS670		
co#UIA068	co#UIS671		
co#UIA068	co#UIS672		
co#UIA068	co#UIS673		
co#UIA068	co#UIS674		
co#UIA068	co#UIS675		
co#UIA068	co#UIS676		
co#UIA068	co#UIS677		
co#UIA068	co#UIS706		
co#UIA068	co_I0157		
co#UIA068	co_I0176		
co#UIA068	co_I0221		
co#UIA068	co_I0222		
co#UIA068	co_I0248		
co#UIA068	co_I0249		
co#UIA069	co#UIA007		
co#UIA069	co#UIA029		
co#UIA069	co#UIA131		
co#UIA069	co#UIS456		
co#UIA069	co#UIS487		
co#UIA069	co#UIS666		
co#UIA070	co#UIA007		
co#UIA070	co#UIA029		
co#UIA070	co#UIA112		
co#UIA070	co#UIA131		
co#UIA100	co#UIA007		
co#UIA100	co#UIA029		
co#UIA100	co#UIA131		
co#UIA100	co#UIS487		
co#UIA100	co#UIS666		
co#UIA101	co#UIA007		
co#UIA101	co#UIA029		
co#UIA101	co#UIA131		
co#UIA101	co#UIS487		
co#UIA101	co#UIS666		
co#UIA102	co#UIA007		
co#UIA102	co#UIA029		
co#UIA102	co#UIA131		
co#UIA102	co#UIS487		
co#UIA102	co#UIS666		
co#UIA103	co#UIA007		
co#UIA103	co#UIA029		
co#UIA103	co#UIA131		
co#UIA103	co#UIS487		
co#UIA103	co#UIS666		
co#UIA104	co#UIA007		
co#UIA104	co#UIA029		
co#UIA104	co#UIA131		
co#UIA104	co#UIS487		
co#UIA104	co#UIS666		
co#UIA105	co#UIA007		
co#UIA105	co#UIA029		
co#UIA105	co#UIA131		
co#UIA105	co#UIS487		
co#UIA105	co#UIS666		
co#UIA106	co#UIA007		
co#UIA106	co#UIA029		
co#UIA106	co#UIA131		
co#UIA106	co#UIS487		
co#UIA106	co#UIS666		
co#UIA107	co#UIA007		
co#UIA107	co#UIA029		
co#UIA107	co#UIA131		
co#UIA107	co#UIS487		
co#UIA107	co#UIS666		
co#UIA108	co#UIA007		
co#UIA108	co#UIA029		
co#UIA108	co#UIA131		
co#UIA108	co#UIS487		
co#UIA108	co#UIS666		
co#UIA109	co#UIA007		
co#UIA109	co#UIA029		
co#UIA109	co#UIA131		
co#UIA109	co#UIS487		
co#UIA109	co#UIS666		
co#UIA110	co#UIA007		
co#UIA110	co#UIA029		
co#UIA110	co#UIA131		
co#UIA110	co#UIS487		
co#UIA110	co#UIS666		
co#UIA111	co#UIA007		
co#UIA111	co#UIA029		
co#UIA111	co#UIA131		
co#UIA111	co#UIS487		
co#UIA111	co#UIS666		
co#UIA112	co#UIA029		
co#UIA113	co#UIA029		
co#UIA114	co#UIA029		
co#UIA115	co#UIA029		
co#UIA116	co#UIA029		
co#UIA117	co#UIA029		
co#UIA118	co#UIA029		
co#UIA119	co#UIA029		
co#UIA131	co#UIA112		
co#UIA131	co#UIA113		
co#UIA131	co#UIA114		
co#UIA131	co#UIA115		
co#UIA131	co#UIA116		
co#UIA131	co#UIA117		
co#UIA131	co#UIA118		
co#UIA131	co#UIA119		
co#UIA131	co#UIA139		
co#UIA131	co#UIA140		
co#UIA131	co#UIA141		
co#UIA131	co#UIA142		
co#UIA131	co#UIA143		
co#UIA131	co#UIA144		
co#UIA131	co#UIA145		
co#UIA131	co#UIA146		
co#UIA131	co#UIA147		
co#UIA131	co#UIA148		
co#UIA131	co#UIA149		
co#UIA139	co#UIA029		
co#UIA140	co#UIA029		
co#UIA141	co#UIA029		
co#UIA142	co#UIA029		
co#UIA143	co#UIA029		
co#UIA144	co#UIA029		
co#UIA145	co#UIA029		
co#UIA146	co#UIA029		
co#UIA147	co#UIA029		
co#UIA148	co#UIA029		
co#UIA149	co#UIA029		
co#UIA150	co#UIA007		
co#UIA150	co#UIA112		
co#UIA150	co#UIA113		
co#UIA150	co#UIA114		
co#UIA150	co#UIA115		
co#UIA150	co#UIA117		
co#UIA150	co#UIA118		
co#UIA150	co#UIA119		
co#UIA150	co#UIA139		
co#UIA150	co#UIA140		
co#UIA150	co#UIA141		
co#UIA150	co#UIA142		
co#UIA150	co#UIA143		
co#UIA150	co#UIA144		
co#UIA150	co#UIA145		
co#UIA150	co#UIA146		
co#UIA150	co#UIA147		
co#UIA150	co#UIA148		
co#UIA150	co#UIA149		
co#UIA151	co#UIA029		
co#UIA152	co#UIA007		
co#UIA152	co#UIA029		
co#UIA152	co#UIA131		
co#UIA152	co#UIS487		
co#UIA152	co#UIS666		
co#UIA153	co#UIA007		
co#UIA153	co#UIA029		
co#UIA153	co#UIA131		
co#UIA153	co#UIS487		
co#UIA153	co#UIS666		
co#UIA154	co#UIA007		
co#UIA154	co#UIA029		
co#UIA154	co#UIA112		
co#UIA154	co#UIA131		
co#UIA154	co_SOURCES		
co#UIC002	co#UIA007		
co#UIC002	co#UIA029		
co#UIC002	co#UIA112		
co#UIC002	co#UIA131		
co#UIC003	co#UIA007		
co#UIC003	co#UIA029		
co#UIC003	co#UIA112		
co#UIC003	co#UIA131		
co#UIC004	co#UIA007		
co#UIC004	co#UIA029		
co#UIC004	co#UIA112		
co#UIC004	co#UIA131		
co#UIC005	co#UIA007		
co#UIC005	co#UIA029		
co#UIC005	co#UIA112		
co#UIC005	co#UIA131		
co#UIC006	co#UIA007		
co#UIC006	co#UIA029		
co#UIC006	co#UIA112		
co#UIC006	co#UIA131		
co#UIC007	co#UIA007		
co#UIC007	co#UIA029		
co#UIC007	co#UIA112		
co#UIC007	co#UIA131		
co#UIC008	co#UIA007		
co#UIC008	co#UIA029		
co#UIC008	co#UIA112		
co#UIC008	co#UIA131		
co#UIC010	co#UIA007		
co#UIC010	co#UIA029		
co#UIC010	co#UIA112		
co#UIC010	co#UIA131		
co#UIC011	co#UIA007		
co#UIC011	co#UIA029		
co#UIC011	co#UIA112		
co#UIC011	co#UIA131		
co#UIC012	co#UIA007		
co#UIC012	co#UIA029		
co#UIC012	co#UIA112		
co#UIC012	co#UIA131		
co#UIC013	co#UIA007		
co#UIC013	co#UIA029		
co#UIC013	co#UIA112		
co#UIC013	co#UIA131		
co#UIC014	co#UIA007		
co#UIC014	co#UIA029		
co#UIC014	co#UIA112		
co#UIC014	co#UIA131		
co#UIC015	co#UIA007		
co#UIC015	co#UIA029		
co#UIC015	co#UIA112		
co#UIC015	co#UIA131		
co#UIC016	co#UIA007		
co#UIC016	co#UIA029		
co#UIC016	co#UIA112		
co#UIC016	co#UIA131		
co#UIC018	co#UIA007		
co#UIC018	co#UIA029		
co#UIC018	co#UIA112		
co#UIC018	co#UIA131		
co#UIC019	co#UIA007		
co#UIC019	co#UIA029		
co#UIC019	co#UIA112		
co#UIC019	co#UIA131		
co#UIC019	co#UIS088		
co#UIC020	co#UIA007		
co#UIC020	co#UIA029		
co#UIC020	co#UIA112		
co#UIC020	co#UIA131		
co#UIC021	co#UIA007		
co#UIC021	co#UIA029		
co#UIC021	co#UIA112		
co#UIC021	co#UIA131		
co#UIC022	co#UIA007		
co#UIC022	co#UIA029		
co#UIC022	co#UIA112		
co#UIC022	co#UIA131		
co#UIC023	co#UIA007		
co#UIC023	co#UIA029		
co#UIC023	co#UIA112		
co#UIC023	co#UIA131		
co#UIC024	co#UIA007		
co#UIC024	co#UIA029		
co#UIC024	co#UIA112		
co#UIC024	co#UIA131		
co#UIC025	co#UIA007		
co#UIC025	co#UIA029		
co#UIC025	co#UIA112		
co#UIC025	co#UIA131		
co#UIC026	co#UIA007		
co#UIC026	co#UIA029		
co#UIC026	co#UIA112		
co#UIC026	co#UIA131		
co#UIC027	co#UIA007		
co#UIC027	co#UIA029		
co#UIC027	co#UIA112		
co#UIC027	co#UIA131		
co#UIC028	co#UIA007		
co#UIC028	co#UIA029		
co#UIC028	co#UIA112		
co#UIC028	co#UIA131		
co#UIC029	co#UIA007		
co#UIC029	co#UIA029		
co#UIC029	co#UIA112		
co#UIC029	co#UIA131		
co#UIC030	co#UIA007		
co#UIC030	co#UIA029		
co#UIC030	co#UIA112		
co#UIC030	co#UIA131		
co#UIC031	co#UIA007		
co#UIC031	co#UIA029		
co#UIC031	co#UIA112		
co#UIC031	co#UIA131		
co#UIC031	co_A0030		
co#UIC031	co_A0090		
co#UIC031	co_A0234		
co#UIC033	co#UIA007		
co#UIC033	co#UIA029		
co#UIC033	co#UIA112		
co#UIC033	co#UIA131		
co#UIC034	co#UIA007		
co#UIC034	co#UIA029		
co#UIC034	co#UIA112		
co#UIC034	co#UIA131		
co#UIC035	co#UIA007		
co#UIC035	co#UIA029		
co#UIC035	co#UIA112		
co#UIC035	co#UIA131		
co#UIC036	co#UIA007		
co#UIC036	co#UIA029		
co#UIC036	co#UIA112		
co#UIC036	co#UIA131		
co#UIC037	co#UIA007		
co#UIC037	co#UIA029		
co#UIC037	co#UIA112		
co#UIC037	co#UIA131		
co#UIC037	co#UIC003		
co#UIC037	co_A0036		
co#UIC040	co#UIA007		
co#UIC040	co#UIA029		
co#UIC040	co#UIA112		
co#UIC040	co#UIA131		
co#UII001	co#UIA007		
co#UII001	co#UIA029		
co#UII001	co#UIA131		
co#UII002	co#UIA007		
co#UII002	co#UIA029		
co#UII002	co#UIA131		
co#UII003	co#UIA007		
co#UII003	co#UIA029		
co#UII003	co#UIA131		
co#UII003	co#UIS046		
co#UII003	co#UIS487		
co#UII003	co#UIS666		
co#UII004	co#UIA007		
co#UII004	co#UIA029		
co#UII004	co#UIA131		
co#UII005	co#UIA000		
co#UII005	co#UIA007		
co#UII005	co#UIA029		
co#UII005	co#UIA131		
co#UII006	co#UIA007		
co#UII006	co#UIA029		
co#UII006	co#UIA131		
co#UII007	co#UIA007		
co#UII007	co#UIA029		
co#UII007	co#UIA131		
co#UII007	co_IS048		
co#UII016	co#UIA007		
co#UII016	co#UIA029		
co#UII016	co#UIA131		
co#UII018	co#UIA000		
co#UII018	co#UIA007		
co#UII018	co#UIA029		
co#UII018	co#UIA131		
co#UII018	co#UIS046		
co#UII018	co#UIS087		
co#UII018	co#UIS487		
co#UII018	co#UIS666		
co#UII018	co_IS100		
co#UII019	co#UIA007		
co#UII019	co#UIA029		
co#UII019	co#UIA131		
co#UII023	co#UIA007		
co#UII023	co#UIA029		
co#UII023	co#UIA100		
co#UII023	co#UIA101		
co#UII023	co#UIA102		
co#UII023	co#UIA103		
co#UII023	co#UIA104		
co#UII023	co#UIA105		
co#UII023	co#UIA106		
co#UII023	co#UIA107		
co#UII023	co#UIA108		
co#UII023	co#UIA109		
co#UII023	co#UIA110		
co#UII023	co#UIA111		
co#UII023	co#UIA131		
co#UII023	co#UII031		
co#UII023	co#UIS059		
co#UII023	co#UIS301		
co#UII023	co#UIS302		
co#UII023	co#UIS303		
co#UII023	co#UIS305		
co#UII023	co#UIS306		
co#UII023	co#UIS307		
co#UII023	co#UIS308		
co#UII023	co#UIS309		
co#UII023	co#UIS310		
co#UII023	co#UIS311		
co#UII023	co#UIS312		
co#UII023	co#UIS313		
co#UII023	co#UIS314		
co#UII023	co#UIS315		
co#UII023	co#UIS316		
co#UII023	co#UIS317		
co#UII023	co#UIS318		
co#UII023	co#UIS319		
co#UII023	co#UIS320		
co#UII023	co#UIS321		
co#UII023	co#UIS322		
co#UII023	co#UIS323		
co#UII023	co#UIS324		
co#UII023	co#UIS325		
co#UII023	co#UIS326		
co#UII023	co#UIS327		
co#UII023	co#UIS328		
co#UII023	co#UIS329		
co#UII023	co#UIS330		
co#UII023	co#UIS331		
co#UII023	co#UIS332		
co#UII023	co#UIS333		
co#UII023	co#UIS405		
co#UII023	co#UIS443		
co#UII023	co#UIS444		
co#UII023	co#UIS445		
co#UII023	co#UIS446		
co#UII023	co#UIS447		
co#UII023	co#UIS454		
co#UII023	co#UIS487		
co#UII023	co#UIS548		
co#UII023	co#UIS666		
co#UII023	co#UIS683		
co#UII023	co#UIS684		
co#UII023	co#UIS685		
co#UII023	co#UIS686		
co#UII028	co#UIA000		
co#UII028	co#UIA007		
co#UII028	co#UIA029		
co#UII028	co#UIA131		
co#UII028	co#UIS487		
co#UII028	co#UIS666		
co#UII030	co#UIA007		
co#UII030	co#UIA029		
co#UII030	co#UIA131		
co#UII031	co#UIA007		
co#UII031	co#UIA029		
co#UII031	co#UIA131		
co#UII031	co#UIS487		
co#UII031	co#UIS666		
co#UII032	co#UIA007		
co#UII032	co#UIA029		
co#UII032	co#UIA131		
co#UII032	co#UII018		
co#UII033	co#UIA007		
co#UII033	co#UIA029		
co#UII033	co#UIA131		
co#UII033	co#UIS487		
co#UII033	co#UIS666		
co#UII034	co#UIA007		
co#UII034	co#UIA029		
co#UII034	co#UIA131		
co#UII035	co#UIA007		
co#UII035	co#UIA029		
co#UII035	co#UIA131		
co#UII036	co#UIA000		
co#UII036	co#UIA007		
co#UII036	co#UIA029		
co#UII036	co#UIA131		
co#UII036	co#UII034		
co#UII037	co#UIA007		
co#UII037	co#UIA029		
co#UII037	co#UIA131		
co#UII050	co#UIA000		
co#UII050	co#UIA007		
co#UII050	co#UIA029		
co#UII050	co#UIA131		
co#UII050	co#UII018		
co#UII050	co#UII056		
co#UII051	co#UIA000		
co#UII051	co#UIA007		
co#UII051	co#UIA029		
co#UII051	co#UIA131		
co#UII051	co#UII018		
co#UII051	co#UII056		
co#UII052	co#UIA000		
co#UII052	co#UIA007		
co#UII052	co#UIA029		
co#UII052	co#UIA131		
co#UII052	co#UII018		
co#UII053	co#UIA000		
co#UII053	co#UIA007		
co#UII053	co#UIA029		
co#UII053	co#UIA131		
co#UII053	co#UII018		
co#UII054	co#UIA007		
co#UII054	co#UIA029		
co#UII054	co#UIA131		
co#UII054	co#UIS487		
co#UII054	co#UIS666		
co#UII054	co_IS048		
co#UII055	co#UIA000		
co#UII055	co#UIA007		
co#UII055	co#UIA029		
co#UII055	co#UIA131		
co#UII055	co#UII018		
co#UII055	co#UII056		
co#UII056	co#UIA000		
co#UII056	co#UIA007		
co#UII056	co#UIA029		
co#UII056	co#UIA131		
co#UII056	co#UII018		
co#UII072	co#UIA007		
co#UII072	co#UIA029		
co#UII072	co#UIA131		
co#UII072	co_IS023		
co#UII072	co_IS031		
co#UII072	co_IS060		
co#UII072	co_IS070		
co#UII072	co_IS079		
co#UII072	co_IS083		
co#UII073	co#UIA007		
co#UII073	co#UIA029		
co#UII073	co#UIA131		
co#UII073	co_IS015		
co#UII073	co_IS016		
co#UII073	co_IS019		
co#UII073	co_IS027		
co#UII073	co_IS066		
co#UII477	co#UIA007		
co#UII477	co#UIA029		
co#UII477	co#UIA131		
co#UII479	co#UIA007		
co#UII479	co#UIA029		
co#UII479	co#UIA131		
co#UII480	co#UIA007		
co#UII480	co#UIA029		
co#UII480	co#UIA131		
co#UII481	co#UIA007		
co#UII481	co#UIA029		
co#UII481	co#UIA131		
co#UII501	co#UIA007		
co#UII501	co#UIA029		
co#UII501	co#UIA131		
co#UII501	co#UIS010		
co#UII501	co#UIS011		
co#UII501	co#UIS046		
co#UII503	co#UIA000		
co#UII503	co#UIA007		
co#UII503	co#UIA029		
co#UII503	co#UIA131		
co#UII503	co#UIS010		
co#UII503	co#UIS046		
co#UII503	co#UIS095		
co#UII503	co#UIS598		
co#UII503	co_I0015		
co#UII726	co#UIA007		
co#UII726	co#UIA029		
co#UII726	co#UIA131		
co#UII727	co_IS048		
co#UII727	co#UIA029		
co#UII727	co#UIA131		
co#UII727	co#UII729		
co#UII728	co_IS048		
co#UII729	co#UIA029		
co#UII729	co#UIA131		
co#UIS001	co#UIA007		
co#UIS001	co#UIA029		
co#UIS001	co#UIA131		
co#UIS001	co#UIS487		
co#UIS001	co#UIS666		
co#UIS002	co#UIA007		
co#UIS002	co#UIA029		
co#UIS002	co#UIA131		
co#UIS002	co#UIS487		
co#UIS002	co#UIS666		
co#UIS007	co#UIA007		
co#UIS007	co#UIA029		
co#UIS007	co#UIA131		
co#UIS007	co#UIS009		
co#UIS007	co#UIS042		
co#UIS007	co#UIS087		
co#UIS007	co#UIS334		
co#UIS007	co#UIS344		
co#UIS007	co#UIS407		
co#UIS007	co#UIS487		
co#UIS007	co#UIS500		
co#UIS007	co#UIS666		
co#UIS007	co#UIS768		
co#UIS007	co#UIS769		
co#UIS007	co#UIS770		
co#UIS007	co_I0127		
co#UIS007	co_I0196		
co#UIS007	co#UIS847		
co#UIS009	co#UIA007		
co#UIS009	co#UIA029		
co#UIS009	co#UIA131		
co#UIS009	co#UIS407		
co#UIS009	co#UIS487		
co#UIS009	co#UIS666		
co#UIS009	co_I0011		
co#UIS009	co_I0075		
co#UIS009	co_I0115		
co#UIS009	co#UIS016		
co#UIS010	co#UIA007		
co#UIS010	co#UIA029		
co#UIS010	co#UIA131		
co#UIS010	co#UIS487		
co#UIS010	co#UIS666		
co#UIS011	co#UIA007		
co#UIS011	co#UIA029		
co#UIS011	co#UIA131		
co#UIS011	co#UIS487		
co#UIS011	co#UIS666		
co#UIS012	co#UIA007		
co#UIS012	co#UIA029		
co#UIS012	co#UIA131		
co#UIS012	co#UIS487		
co#UIS012	co#UIS666		
co#UIS012	co#UIS699		
co#UIS013	co#UIA007		
co#UIS013	co#UIA029		
co#UIS013	co#UIA131		
co#UIS013	co#UIS487		
co#UIS013	co#UIS666		
co#UIS014	co#UIA007		
co#UIS014	co#UIA029		
co#UIS014	co#UIA131		
co#UIS014	co#UIS009		
co#UIS014	co#UIS013		
co#UIS014	co#UIS487		
co#UIS014	co#UIS666		
co#UIS018	co#UIA007		
co#UIS018	co#UIA029		
co#UIS018	co#UIA131		
co#UIS018	co#UIS487		
co#UIS018	co#UIS666		
co#UIS019	co#UIA007		
co#UIS019	co#UIA029		
co#UIS019	co#UIA131		
co#UIS019	co#UIS487		
co#UIS019	co#UIS666		
co#UIS020	co#UIA007		
co#UIS020	co#UIA029		
co#UIS020	co#UIA131		
co#UIS020	co#UIS487		
co#UIS020	co#UIS666		
co#UIS025	co#UIA007		
co#UIS025	co#UIA029		
co#UIS025	co#UIA131		
co#UIS025	co#UIS487		
co#UIS025	co#UIS666		
co#UIS026	co#UIA007		
co#UIS026	co#UIA029		
co#UIS026	co#UIA131		
co#UIS026	co#UIS487		
co#UIS026	co#UIS666		
co#UIS027	co#UIA007		
co#UIS027	co#UIA029		
co#UIS027	co#UIA131		
co#UIS027	co#UIS070		
co#UIS027	co#UIS487		
co#UIS027	co#UIS666		
co#UIS027	co_I0011		
co#UIS033	co#UIA007		
co#UIS033	co#UIA029		
co#UIS033	co#UIA131		
co#UIS033	co#UIS487		
co#UIS033	co#UIS666		
co#UIS033	co_I0247		
co#UIS034	co#UIA007		
co#UIS034	co#UIA029		
co#UIS034	co#UIA131		
co#UIS034	co#UIS487		
co#UIS034	co#UIS666		
co#UIS035	co#UIA007		
co#UIS035	co#UIA029		
co#UIS035	co#UIA131		
co#UIS035	co#UIS487		
co#UIS035	co#UIS666		
co#UIS036	co#UIA007		
co#UIS036	co#UIA029		
co#UIS036	co#UIA131		
co#UIS036	co#UIS487		
co#UIS036	co#UIS666		
co#UIS037	co#UIA007		
co#UIS037	co#UIA029		
co#UIS037	co#UIA131		
co#UIS037	co#UIS487		
co#UIS037	co#UIS666		
co#UIS038	co#UIA007		
co#UIS038	co#UIA029		
co#UIS038	co#UIA131		
co#UIS038	co#UIS487		
co#UIS038	co#UIS666		
co#UIS039	co#UIA007		
co#UIS039	co#UIA029		
co#UIS039	co#UIA131		
co#UIS039	co#UIS487		
co#UIS039	co#UIS666		
co#UIS042	co#UIA007		
co#UIS042	co#UIA029		
co#UIS042	co#UIA131		
co#UIS042	co#UIS487		
co#UIS042	co#UIS666		
co#UIS045	co_I0045		
co#UIS046	co#UIA007		
co#UIS046	co#UIA029		
co#UIS046	co#UIA131		
co#UIS046	co#UIS009		
co#UIS046	co#UIS087		
co#UIS046	co#UIS089		
co#UIS046	co#UIS334		
co#UIS046	co#UIS416		
co#UIS046	co#UIS487		
co#UIS046	co#UIS500		
co#UIS046	co#UIS643		
co#UIS046	co#UIS666		
co#UIS046	co#UIS045		
co#UIS046	co_I0045		
co#UIS048	co#UIA007		
co#UIS048	co#UIA029		
co#UIS048	co#UIA131		
co#UIS048	co#UIS487		
co#UIS048	co#UIS666		
co#UIS049	co#UIA007		
co#UIS049	co#UIA029		
co#UIS049	co#UIA131		
co#UIS049	co#UIS487		
co#UIS049	co#UIS666		
co#UIS050	co#UIA007		
co#UIS050	co#UIA029		
co#UIS050	co#UIA061		
co#UIS050	co#UIA131		
co#UIS050	co#UIS070		
co#UIS050	co#UIS487		
co#UIS050	co#UIS666		
co#UIS051	co#UIA007		
co#UIS051	co#UIA029		
co#UIS051	co#UIA131		
co#UIS051	co#UIS487		
co#UIS051	co#UIS666		
co#UIS052	co#UIA007		
co#UIS052	co#UIA029		
co#UIS052	co#UIA131		
co#UIS052	co#UIS487		
co#UIS052	co#UIS666		
co#UIS055	co#UIA007		
co#UIS055	co#UIA029		
co#UIS055	co#UIA131		
co#UIS055	co#UIS087		
co#UIS055	co#UIS487		
co#UIS055	co#UIS666		
co#UIS056	co#UIA007		
co#UIS056	co#UIA029		
co#UIS056	co#UIA131		
co#UIS056	co#UIS087		
co#UIS056	co#UIS487		
co#UIS056	co#UIS666		
co#UIS057	co#UIA007		
co#UIS057	co#UIA029		
co#UIS057	co#UIA131		
co#UIS057	co#UIS487		
co#UIS057	co#UIS666		
co#UIS057	co#UIS843		
co#UIS057	co_I0167		
co#UIS059	co#UIA007		
co#UIS059	co#UIA029		
co#UIS059	co#UIA131		
co#UIS059	co#UIS487		
co#UIS059	co#UIS666		
co#UIS060	co#UIA007		
co#UIS060	co#UIA029		
co#UIS060	co#UIA131		
co#UIS060	co#UIS487		
co#UIS060	co#UIS666		
co#UIS061	co#UIA007		
co#UIS061	co#UIA029		
co#UIS061	co#UIA131		
co#UIS061	co#UIS487		
co#UIS061	co#UIS666		
co#UIS063	co#UIA007		
co#UIS063	co#UIA029		
co#UIS063	co#UIA131		
co#UIS063	co#UIS487		
co#UIS063	co#UIS666		
co#UIS064	co#UIA007		
co#UIS064	co#UIA029		
co#UIS064	co#UIA131		
co#UIS064	co#UIS487		
co#UIS064	co#UIS666		
co#UIS067	co#UIS069		
co#UIS070	co#UIA007		
co#UIS070	co#UIA029		
co#UIS070	co#UIA061		
co#UIS070	co#UIA112		
co#UIS070	co#UIA131		
co#UIS070	co#UII031		
co#UIS070	co#UIS063		
co#UIS070	co#UIS072		
co#UIS070	co#UIS345		
co#UIS070	co#UIS407		
co#UIS070	co#UIS487		
co#UIS070	co#UIS666		
co#UIS070	co_I0106		
co#UIS070	co_I0110		
co#UIS070	co_I0149		
co#UIS070	co_I0324		
co#UIS070	co_I0325		
co#UIS070B	co#UIA007		
co#UIS070B	co#UIA029		
co#UIS070B	co#UIA131		
co#UIS070B	co#UIS070		
co#UIS070B	co#UIS487		
co#UIS070B	co#UIS666		
co#UIS072	co#UIA007		
co#UIS072	co#UIA029		
co#UIS072	co#UIA131		
co#UIS072	co#UIS487		
co#UIS072	co#UIS666		
co#UIS072	co_I0011		
co#UIS073	co#UIA007		
co#UIS073	co#UIA029		
co#UIS073	co#UIA131		
co#UIS073	co#UIS487		
co#UIS073	co#UIS666		
co#UIS074	co#UIA007		
co#UIS074	co#UIA029		
co#UIS074	co#UIA131		
co#UIS074	co#UIS487		
co#UIS074	co#UIS666		
co#UIS075	co#UIA007		
co#UIS075	co#UIA029		
co#UIS075	co#UIA131		
co#UIS075	co#UIS487		
co#UIS075	co#UIS666		
co#UIS076	co#UIA007		
co#UIS076	co#UIA029		
co#UIS076	co#UIA131		
co#UIS076	co#UIS487		
co#UIS076	co#UIS666		
co#UIS077	co#UIA007		
co#UIS077	co#UIA029		
co#UIS077	co#UIA131		
co#UIS077	co#UIS487		
co#UIS077	co#UIS666		
co#UIS087	co#UIA007		
co#UIS087	co#UIA029		
co#UIS087	co#UIA131		
co#UIS087	co#UIS334		
co#UIS087	co#UIS344		
co#UIS087	co#UIS416		
co#UIS087	co#UIS417		
co#UIS087	co#UIS449		
co#UIS087	co#UIS487		
co#UIS087	co#UIS500		
co#UIS087	co#UIS598		
co#UIS087	co#UIS643		
co#UIS087	co#UIS666		
co#UIS087	co#UIS694		
co#UIS087	co#UIS767		
co#UIS087	co#UIS768		
co#UIS087	co#UIS769		
co#UIS087	co_I0035		
co#UIS087	co_I0141		
co#UIS088	co#UIA007		
co#UIS088	co#UIA029		
co#UIS088	co#UIA112		
co#UIS088	co#UIA131		
co#UIS088	co_A0020		
co#UIS094	co#UIA007		
co#UIS094	co#UIA029		
co#UIS094	co#UIA131		
co#UIS094	co#UIS487		
co#UIS094	co#UIS666		
co#UIS095	co#UIA007		
co#UIS095	co#UIA029		
co#UIS095	co#UIA131		
co#UIS095	co#UIS487		
co#UIS095	co#UIS666		
co#UIS096	co#UIA007		
co#UIS096	co#UIA029		
co#UIS096	co#UIA131		
co#UIS096	co#UIS487		
co#UIS096	co#UIS666		
co#UIS097	co#UIA007		
co#UIS097	co#UIA029		
co#UIS097	co#UIA131		
co#UIS097	co#UIS009		
co#UIS097	co#UIS046		
co#UIS097	co#UIS087		
co#UIS097	co#UIS487		
co#UIS097	co#UIS666		
co#UIS099	co#UIA007		
co#UIS099	co#UIA029		
co#UIS099	co#UIA131		
co#UIS099	co#UIS487		
co#UIS099	co#UIS666		
co#UIS100	co#UIA007		
co#UIS100	co#UIA029		
co#UIS100	co#UIA131		
co#UIS100	co#UIS487		
co#UIS100	co#UIS666		
co#UIS103	co#UIA007		
co#UIS103	co#UIA029		
co#UIS103	co#UIA131		
co#UIS103	co#UIS070		
co#UIS103	co#UIS487		
co#UIS103	co#UIS666		
co#UIS104	co#UIA007		
co#UIS104	co#UIA029		
co#UIS104	co#UIA061		
co#UIS104	co#UIA131		
co#UIS104	co#UIS070		
co#UIS104	co#UIS487		
co#UIS104	co#UIS666		
co#UIS105	co#UIA007		
co#UIS105	co#UIA029		
co#UIS105	co#UIA131		
co#UIS105	co#UIS487		
co#UIS105	co#UIS666		
co#UIS106	co#UIA007		
co#UIS106	co#UIA029		
co#UIS106	co#UIA131		
co#UIS106	co#UIS487		
co#UIS106	co#UIS666		
co#UIS110	co#UIA007		
co#UIS110	co#UIA029		
co#UIS110	co#UIA131		
co#UIS110	co#UIS487		
co#UIS110	co#UIS666		
co#UIS111	co#UIA007		
co#UIS111	co#UIA029		
co#UIS111	co#UIA131		
co#UIS111	co#UIS487		
co#UIS111	co#UIS666		
co#UIS112	co#UIA007		
co#UIS112	co#UIA029		
co#UIS112	co#UIA131		
co#UIS112	co#UIS487		
co#UIS112	co#UIS666		
co#UIS113	co#UIA007		
co#UIS113	co#UIA029		
co#UIS113	co#UIA131		
co#UIS113	co#UIS487		
co#UIS113	co#UIS666		
co#UIS115	co#UIA007		
co#UIS115	co#UIA029		
co#UIS115	co#UIA131		
co#UIS115	co#UIS113		
co#UIS115	co#UIS487		
co#UIS115	co#UIS666		
co#UIS118	co#UIA007		
co#UIS118	co#UIA029		
co#UIS118	co#UIA131		
co#UIS118	co#UIS487		
co#UIS118	co#UIS666		
co#UIS119	co#UIA007		
co#UIS119	co#UIA029		
co#UIS119	co#UIA131		
co#UIS119	co#UIS487		
co#UIS119	co#UIS666		
co#UIS120	co#UIA007		
co#UIS120	co#UIA029		
co#UIS120	co#UIA131		
co#UIS120	co#UIS487		
co#UIS120	co#UIS666		
co#UIS122	co#UIA007		
co#UIS122	co#UIA029		
co#UIS122	co#UIA131		
co#UIS122	co#UIS487		
co#UIS122	co#UIS666		
co#UIS124	co#UIA007		
co#UIS124	co#UIA029		
co#UIS124	co#UIA131		
co#UIS124	co#UIS487		
co#UIS124	co#UIS666		
co#UIS126	co#UIA007		
co#UIS126	co#UIA029		
co#UIS126	co#UIA131		
co#UIS126	co#UIS487		
co#UIS126	co#UIS666		
co#UIS127	co#UIA007		
co#UIS127	co#UIA029		
co#UIS127	co#UIA131		
co#UIS127	co#UIS487		
co#UIS127	co#UIS666		
co#UIS128	co#UIA007		
co#UIS128	co#UIA029		
co#UIS128	co#UIA131		
co#UIS128	co#UIS487		
co#UIS128	co#UIS666		
co#UIS129	co#UIA007		
co#UIS129	co#UIA029		
co#UIS129	co#UIA131		
co#UIS129	co#UIS487		
co#UIS129	co#UIS666		
co#UIS130	co#UIA007		
co#UIS130	co#UIA029		
co#UIS130	co#UIA131		
co#UIS130	co#UIS487		
co#UIS130	co#UIS666		
co#UIS131	co#UIA007		
co#UIS131	co#UIA029		
co#UIS131	co#UIA131		
co#UIS131	co#UIS487		
co#UIS131	co#UIS666		
co#UIS132	co#UIA007		
co#UIS132	co#UIA029		
co#UIS132	co#UIA131		
co#UIS132	co#UIS487		
co#UIS132	co#UIS666		
co#UIS133	co#UIA007		
co#UIS133	co#UIA029		
co#UIS133	co#UIA131		
co#UIS133	co#UIS487		
co#UIS133	co#UIS666		
co#UIS134	co#UIA007		
co#UIS134	co#UIA029		
co#UIS134	co#UIA131		
co#UIS134	co#UIS487		
co#UIS134	co#UIS666		
co#UIS135	co#UIA007		
co#UIS135	co#UIA029		
co#UIS135	co#UIA131		
co#UIS135	co#UIS487		
co#UIS135	co#UIS666		
co#UIS136	co#UIA007		
co#UIS136	co#UIA029		
co#UIS136	co#UIA131		
co#UIS136	co#UIS487		
co#UIS136	co#UIS666		
co#UIS137	co#UIA007		
co#UIS137	co#UIA029		
co#UIS137	co#UIA131		
co#UIS137	co#UIS487		
co#UIS137	co#UIS666		
co#UIS138	co#UIA007		
co#UIS138	co#UIA029		
co#UIS138	co#UIA131		
co#UIS138	co#UIS126		
co#UIS138	co#UIS127		
co#UIS138	co#UIS128		
co#UIS138	co#UIS129		
co#UIS138	co#UIS130		
co#UIS138	co#UIS131		
co#UIS138	co#UIS132		
co#UIS138	co#UIS133		
co#UIS138	co#UIS134		
co#UIS138	co#UIS135		
co#UIS138	co#UIS136		
co#UIS138	co#UIS137		
co#UIS138	co#UIS487		
co#UIS138	co#UIS666		
co#UIS139	co#UIA007		
co#UIS139	co#UIA029		
co#UIS139	co#UIA131		
co#UIS139	co#UIS487		
co#UIS139	co#UIS666		
co#UIS300	co#UIA007		
co#UIS300	co#UIA029		
co#UIS300	co#UIA131		
co#UIS300	co#UIS487		
co#UIS300	co#UIS666		
co#UIS301	co#UIA007		
co#UIS301	co#UIA029		
co#UIS301	co#UIA131		
co#UIS301	co#UIS087		
co#UIS301	co#UIS487		
co#UIS301	co#UIS500		
co#UIS301	co#UIS666		
co#UIS302	co#UIA007		
co#UIS302	co#UIA029		
co#UIS302	co#UIA131		
co#UIS302	co#UIS087		
co#UIS302	co#UIS487		
co#UIS302	co#UIS500		
co#UIS302	co#UIS666		
co#UIS303	co#UIA007		
co#UIS303	co#UIA029		
co#UIS303	co#UIA131		
co#UIS303	co#UIS087		
co#UIS303	co#UIS089		
co#UIS303	co#UIS334		
co#UIS303	co#UIS487		
co#UIS303	co#UIS500		
co#UIS303	co#UIS643		
co#UIS303	co#UIS666		
co#UIS304	co#UIA007		
co#UIS304	co#UIA029		
co#UIS304	co#UIA131		
co#UIS304	co#UIS487		
co#UIS304	co#UIS666		
co#UIS305	co#UIA007		
co#UIS305	co#UIA029		
co#UIS305	co#UIA131		
co#UIS305	co#UIS487		
co#UIS305	co#UIS666		
co#UIS306	co#UIA007		
co#UIS306	co#UIA029		
co#UIS306	co#UIA131		
co#UIS306	co#UIS487		
co#UIS306	co#UIS666		
co#UIS307	co#UIA007		
co#UIS307	co#UIA029		
co#UIS307	co#UIA131		
co#UIS307	co#UIS087		
co#UIS307	co#UIS487		
co#UIS307	co#UIS493		
co#UIS307	co#UIS500		
co#UIS307	co#UIS666		
co#UIS308	co#UIA007		
co#UIS308	co#UIA029		
co#UIS308	co#UIA131		
co#UIS308	co#UIS087		
co#UIS308	co#UIS487		
co#UIS308	co#UIS493		
co#UIS308	co#UIS500		
co#UIS308	co#UIS666		
co#UIS309	co#UIA007		
co#UIS309	co#UIA029		
co#UIS309	co#UIA131		
co#UIS309	co#UIS087		
co#UIS309	co#UIS487		
co#UIS309	co#UIS493		
co#UIS309	co#UIS500		
co#UIS309	co#UIS666		
co#UIS310	co#UIA007		
co#UIS310	co#UIA029		
co#UIS310	co#UIA131		
co#UIS310	co#UIS087		
co#UIS310	co#UIS487		
co#UIS310	co#UIS493		
co#UIS310	co#UIS500		
co#UIS310	co#UIS666		
co#UIS311	co#UIA007		
co#UIS311	co#UIA029		
co#UIS311	co#UIA131		
co#UIS311	co#UIS487		
co#UIS311	co#UIS666		
co#UIS312	co#UIA007		
co#UIS312	co#UIA029		
co#UIS312	co#UIA131		
co#UIS312	co#UIS487		
co#UIS312	co#UIS666		
co#UIS313	co#UIA007		
co#UIS313	co#UIA029		
co#UIS313	co#UIA131		
co#UIS313	co#UIS487		
co#UIS313	co#UIS666		
co#UIS314	co#UIA007		
co#UIS314	co#UIA029		
co#UIS314	co#UIA131		
co#UIS314	co#UIS487		
co#UIS314	co#UIS666		
co#UIS315	co#UIA007		
co#UIS315	co#UIA029		
co#UIS315	co#UIA131		
co#UIS315	co#UIS487		
co#UIS315	co#UIS666		
co#UIS316	co#UIA007		
co#UIS316	co#UIA029		
co#UIS316	co#UIA131		
co#UIS316	co#UIS487		
co#UIS316	co#UIS666		
co#UIS317	co#UIA007		
co#UIS317	co#UIA029		
co#UIS317	co#UIA131		
co#UIS317	co#UIS487		
co#UIS317	co#UIS666		
co#UIS318	co#UIA007		
co#UIS318	co#UIA029		
co#UIS318	co#UIA131		
co#UIS318	co#UIS487		
co#UIS318	co#UIS666		
co#UIS319	co#UIA007		
co#UIS319	co#UIA029		
co#UIS319	co#UIA131		
co#UIS319	co#UIS487		
co#UIS319	co#UIS666		
co#UIS320	co#UIA007		
co#UIS320	co#UIA029		
co#UIS320	co#UIA131		
co#UIS320	co#UIS487		
co#UIS320	co#UIS666		
co#UIS321	co#UIA007		
co#UIS321	co#UIA029		
co#UIS321	co#UIA131		
co#UIS321	co#UIS487		
co#UIS321	co#UIS666		
co#UIS322	co#UIA007		
co#UIS322	co#UIA029		
co#UIS322	co#UIA131		
co#UIS322	co#UIS323		
co#UIS322	co#UIS487		
co#UIS322	co#UIS666		
co#UIS323	co#UIA007		
co#UIS323	co#UIA029		
co#UIS323	co#UIA131		
co#UIS323	co#UIS324		
co#UIS323	co#UIS487		
co#UIS323	co#UIS666		
co#UIS324	co#UIA007		
co#UIS324	co#UIA029		
co#UIS324	co#UIA131		
co#UIS324	co#UIS325		
co#UIS324	co#UIS487		
co#UIS324	co#UIS666		
co#UIS325	co#UIA007		
co#UIS325	co#UIA029		
co#UIS325	co#UIA131		
co#UIS325	co#UIS046		
co#UIS325	co#UIS417		
co#UIS325	co#UIS487		
co#UIS325	co#UIS666		
co#UIS326	co#UIA007		
co#UIS326	co#UIA029		
co#UIS326	co#UIA131		
co#UIS326	co#UIS087		
co#UIS326	co#UIS329		
co#UIS326	co#UIS487		
co#UIS326	co#UIS493		
co#UIS326	co#UIS500		
co#UIS326	co#UIS666		
co#UIS327	co#UIA007		
co#UIS327	co#UIA029		
co#UIS327	co#UIA131		
co#UIS327	co#UIS087		
co#UIS327	co#UIS329		
co#UIS327	co#UIS487		
co#UIS327	co#UIS493		
co#UIS327	co#UIS500		
co#UIS327	co#UIS666		
co#UIS328	co#UIA007		
co#UIS328	co#UIA029		
co#UIS328	co#UIA131		
co#UIS328	co#UIS087		
co#UIS328	co#UIS329		
co#UIS328	co#UIS487		
co#UIS328	co#UIS493		
co#UIS328	co#UIS500		
co#UIS328	co#UIS666		
co#UIS329	co#UIA007		
co#UIS329	co#UIA029		
co#UIS329	co#UIA131		
co#UIS329	co#UIS009		
co#UIS329	co#UIS087		
co#UIS329	co#UIS089		
co#UIS329	co#UIS334		
co#UIS329	co#UIS487		
co#UIS329	co#UIS493		
co#UIS329	co#UIS500		
co#UIS329	co#UIS643		
co#UIS329	co#UIS666		
co#UIS330	co#UIA007		
co#UIS330	co#UIA029		
co#UIS330	co#UIA131		
co#UIS330	co#UIS087		
co#UIS330	co#UIS487		
co#UIS330	co#UIS493		
co#UIS330	co#UIS500		
co#UIS330	co#UIS666		
co#UIS331	co#UIA007		
co#UIS331	co#UIA029		
co#UIS331	co#UIA131		
co#UIS331	co#UIS087		
co#UIS331	co#UIS487		
co#UIS331	co#UIS493		
co#UIS331	co#UIS500		
co#UIS331	co#UIS666		
co#UIS332	co#UIA007		
co#UIS332	co#UIA029		
co#UIS332	co#UIA131		
co#UIS332	co#UIS087		
co#UIS332	co#UIS487		
co#UIS332	co#UIS493		
co#UIS332	co#UIS500		
co#UIS332	co#UIS666		
co#UIS333	co#UIA007		
co#UIS333	co#UIA029		
co#UIS333	co#UIA131		
co#UIS333	co#UIS087		
co#UIS333	co#UIS487		
co#UIS333	co#UIS493		
co#UIS333	co#UIS500		
co#UIS333	co#UIS666		
co#UIS334	co#UIA007		
co#UIS334	co#UIA029		
co#UIS334	co#UIA131		
co#UIS334	co#UIS487		
co#UIS334	co#UIS666		
co#UIS335	co#UIA007		
co#UIS335	co#UIA029		
co#UIS335	co#UIA131		
co#UIS335	co#UIS487		
co#UIS335	co#UIS666		
co#UIS336	co#UIA007		
co#UIS336	co#UIA029		
co#UIS336	co#UIA131		
co#UIS336	co#UIS487		
co#UIS336	co#UIS666		
co#UIS337	co#UIA007		
co#UIS337	co#UIA029		
co#UIS337	co#UIA131		
co#UIS337	co#UIS487		
co#UIS337	co#UIS666		
co#UIS338	co#UIA007		
co#UIS338	co#UIA029		
co#UIS338	co#UIA131		
co#UIS338	co#UIS487		
co#UIS338	co#UIS666		
co#UIS339	co#UIA007		
co#UIS339	co#UIA029		
co#UIS339	co#UIA131		
co#UIS339	co#UIS487		
co#UIS339	co#UIS666		
co#UIS340	co#UIA007		
co#UIS340	co#UIA029		
co#UIS340	co#UIA131		
co#UIS340	co#UIS003		
co#UIS340	co#UIS009		
co#UIS340	co#UIS033		
co#UIS340	co#UIS334		
co#UIS340	co#UIS344		
co#UIS340	co#UIS393		
co#UIS340	co#UIS407		
co#UIS340	co#UIS487		
co#UIS340	co#UIS500		
co#UIS340	co#UIS666		
co#UIS340	co#UIS767		
co#UIS340	co#UIS768		
co#UIS340	co#UIS770		
co#UIS340	co_I0127		
co#UIS340	co_I0196		
co#UIS340	co#UIS847		
co#UIS343	co#UIA007		
co#UIS343	co#UIA029		
co#UIS343	co#UIA131		
co#UIS343	co#UIS487		
co#UIS343	co#UIS666		
co#UIS344	co#UIA007		
co#UIS344	co#UIA029		
co#UIS344	co#UIA131		
co#UIS344	co#UIS487		
co#UIS344	co#UIS666		
co#UIS345	co#UIA007		
co#UIS345	co#UIA029		
co#UIS345	co#UIA131		
co#UIS345	co#UIS487		
co#UIS345	co#UIS666		
co#UIS346	co#UIA007		
co#UIS346	co#UIA029		
co#UIS346	co#UIA131		
co#UIS346	co#UIS487		
co#UIS346	co#UIS666		
co#UIS347	co#UIA007		
co#UIS347	co#UIA029		
co#UIS347	co#UIA131		
co#UIS347	co#UIS487		
co#UIS347	co#UIS666		
co#UIS348	co#UIA007		
co#UIS348	co#UIA029		
co#UIS348	co#UIA131		
co#UIS348	co#UIS487		
co#UIS348	co#UIS666		
co#UIS349	co#UIA007		
co#UIS349	co#UIA029		
co#UIS349	co#UIA131		
co#UIS349	co#UIS487		
co#UIS349	co#UIS666		
co#UIS350	co#UIA007		
co#UIS350	co#UIA029		
co#UIS350	co#UIA131		
co#UIS350	co#UIS487		
co#UIS350	co#UIS666		
co#UIS351	co#UIA007		
co#UIS351	co#UIA029		
co#UIS351	co#UIA131		
co#UIS351	co#UIS487		
co#UIS351	co#UIS666		
co#UIS352	co#UIA007		
co#UIS352	co#UIA029		
co#UIS352	co#UIA131		
co#UIS352	co#UIS487		
co#UIS352	co#UIS666		
co#UIS353	co#UIA007		
co#UIS353	co#UIA029		
co#UIS353	co#UIA131		
co#UIS353	co#UIS487		
co#UIS353	co#UIS666		
co#UIS354	co#UIA007		
co#UIS354	co#UIA029		
co#UIS354	co#UIA131		
co#UIS354	co#UIS487		
co#UIS354	co#UIS666		
co#UIS355	co#UIA007		
co#UIS355	co#UIA029		
co#UIS355	co#UIA131		
co#UIS355	co#UIS487		
co#UIS355	co#UIS666		
co#UIS356	co#UIA007		
co#UIS356	co#UIA029		
co#UIS356	co#UIA131		
co#UIS356	co#UIS487		
co#UIS356	co#UIS666		
co#UIS357	co#UIA007		
co#UIS357	co#UIA029		
co#UIS357	co#UIA131		
co#UIS357	co#UIS487		
co#UIS357	co#UIS666		
co#UIS358	co#UIA007		
co#UIS358	co#UIA029		
co#UIS358	co#UIA131		
co#UIS358	co#UIS487		
co#UIS358	co#UIS666		
co#UIS359	co#UIA007		
co#UIS359	co#UIA029		
co#UIS359	co#UIA131		
co#UIS359	co#UIS487		
co#UIS359	co#UIS666		
co#UIS360	co#UIA007		
co#UIS360	co#UIA029		
co#UIS360	co#UIA131		
co#UIS360	co#UIS487		
co#UIS360	co#UIS666		
co#UIS361	co#UIA007		
co#UIS361	co#UIA029		
co#UIS361	co#UIA131		
co#UIS361	co#UIS487		
co#UIS361	co#UIS666		
co#UIS362	co#UIA007		
co#UIS362	co#UIA029		
co#UIS362	co#UIA131		
co#UIS362	co#UIS487		
co#UIS362	co#UIS666		
co#UIS363	co#UIA007		
co#UIS363	co#UIA029		
co#UIS363	co#UIA131		
co#UIS363	co#UIS361		
co#UIS363	co#UIS487		
co#UIS363	co#UIS666		
co#UIS363	co#UIS697		
co#UIS365	co#UIA007		
co#UIS365	co#UIA029		
co#UIS365	co#UIA131		
co#UIS365	co#UIS087		
co#UIS365	co#UIS487		
co#UIS365	co#UIS666		
co#UIS366	co#UIA007		
co#UIS366	co#UIA029		
co#UIS366	co#UIA131		
co#UIS366	co#UIS487		
co#UIS366	co#UIS666		
co#UIS367	co#UIA007		
co#UIS367	co#UIA029		
co#UIS367	co#UIA131		
co#UIS367	co#UIS487		
co#UIS367	co#UIS666		
co#UIS368	co#UIA007		
co#UIS368	co#UIA029		
co#UIS368	co#UIA131		
co#UIS368	co#UIS487		
co#UIS368	co#UIS666		
co#UIS371	co#UIA007		
co#UIS371	co#UIA029		
co#UIS371	co#UIA131		
co#UIS371	co#UIS487		
co#UIS371	co#UIS666		
co#UIS372	co#UIA007		
co#UIS372	co#UIA029		
co#UIS372	co#UIA131		
co#UIS372	co#UIS487		
co#UIS372	co#UIS666		
co#UIS373	co#UIA007		
co#UIS373	co#UIA029		
co#UIS373	co#UIA131		
co#UIS373	co#UIS487		
co#UIS373	co#UIS666		
co#UIS374	co#UIA007		
co#UIS374	co#UIA029		
co#UIS374	co#UIA131		
co#UIS374	co#UIS487		
co#UIS374	co#UIS666		
co#UIS375	co#UIA007		
co#UIS375	co#UIA029		
co#UIS375	co#UIA131		
co#UIS375	co#UIS487		
co#UIS375	co#UIS666		
co#UIS377	co#UIA007		
co#UIS377	co#UIA029		
co#UIS377	co#UIA131		
co#UIS377	co#UIS487		
co#UIS377	co#UIS666		
co#UIS378	co#UIA007		
co#UIS378	co#UIA029		
co#UIS378	co#UIA131		
co#UIS378	co#UIS487		
co#UIS378	co#UIS666		
co#UIS379	co#UIA007		
co#UIS379	co#UIA029		
co#UIS379	co#UIA131		
co#UIS379	co#UIS487		
co#UIS379	co#UIS666		
co#UIS380	co#UIA007		
co#UIS380	co#UIA029		
co#UIS380	co#UIA131		
co#UIS380	co#UIS487		
co#UIS380	co#UIS666		
co#UIS381	co#UIA007		
co#UIS381	co#UIA029		
co#UIS381	co#UIA131		
co#UIS381	co#UIS487		
co#UIS381	co#UIS666		
co#UIS382	co#UIA007		
co#UIS382	co#UIA029		
co#UIS382	co#UIA131		
co#UIS382	co#UIS381		
co#UIS382	co#UIS487		
co#UIS382	co#UIS666		
co#UIS383	co#UIA007		
co#UIS383	co#UIA029		
co#UIS383	co#UIA131		
co#UIS383	co#UIS487		
co#UIS383	co#UIS666		
co#UIS384	co#UIA007		
co#UIS384	co#UIA029		
co#UIS384	co#UIA131		
co#UIS384	co#UIS487		
co#UIS384	co#UIS666		
co#UIS385	co#UIA007		
co#UIS385	co#UIA029		
co#UIS385	co#UIA131		
co#UIS385	co#UIS487		
co#UIS385	co#UIS666		
co#UIS386	co#UIA007		
co#UIS386	co#UIA029		
co#UIS386	co#UIA131		
co#UIS386	co#UIS087		
co#UIS386	co#UIS487		
co#UIS386	co#UIS666		
co#UIS387	co#UIA007		
co#UIS387	co#UIA029		
co#UIS387	co#UIA131		
co#UIS387	co#UIS487		
co#UIS387	co#UIS666		
co#UIS388	co#UIA007		
co#UIS388	co#UIA029		
co#UIS388	co#UIA131		
co#UIS388	co#UIS487		
co#UIS388	co#UIS666		
co#UIS389	co#UIA007		
co#UIS389	co#UIA029		
co#UIS389	co#UIA131		
co#UIS389	co#UIS487		
co#UIS389	co#UIS666		
co#UIS390	co#UIA007		
co#UIS390	co#UIA029		
co#UIS390	co#UIA131		
co#UIS390	co#UIS487		
co#UIS390	co#UIS666		
co#UIS391	co#UIA007		
co#UIS391	co#UIA029		
co#UIS391	co#UIA131		
co#UIS391	co#UIS487		
co#UIS391	co#UIS666		
co#UIS392	co#UIA007		
co#UIS392	co#UIA029		
co#UIS392	co#UIA131		
co#UIS392	co#UIS487		
co#UIS392	co#UIS666		
co#UIS393	co#UIA007		
co#UIS393	co#UIA029		
co#UIS393	co#UIA131		
co#UIS393	co#UIS487		
co#UIS393	co#UIS666		
co#UIS394	co#UIA007		
co#UIS394	co#UIA029		
co#UIS394	co#UIA131		
co#UIS394	co#UIS487		
co#UIS394	co#UIS666		
co#UIS395	co#UIA007		
co#UIS395	co#UIA029		
co#UIS395	co#UIA131		
co#UIS395	co#UIS487		
co#UIS395	co#UIS666		
co#UIS396	co#UIA007		
co#UIS396	co#UIA029		
co#UIS396	co#UIA131		
co#UIS396	co#UIS487		
co#UIS396	co#UIS666		
co#UIS397	co#UIA007		
co#UIS397	co#UIA029		
co#UIS397	co#UIA131		
co#UIS397	co#UIS487		
co#UIS397	co#UIS666		
co#UIS398	co#UIA007		
co#UIS398	co#UIA029		
co#UIS398	co#UIA131		
co#UIS398	co#UIS487		
co#UIS398	co#UIS666		
co#UIS399	co#UIA007		
co#UIS399	co#UIA029		
co#UIS399	co#UIA131		
co#UIS399	co#UIS487		
co#UIS399	co#UIS666		
co#UIS400	co#UIA007		
co#UIS400	co#UIA029		
co#UIS400	co#UIA131		
co#UIS400	co#UIS487		
co#UIS400	co#UIS666		
co#UIS401	co#UIA007		
co#UIS401	co#UIA029		
co#UIS401	co#UIA131		
co#UIS401	co#UIS487		
co#UIS401	co#UIS666		
co#UIS402	co#UIA007		
co#UIS402	co#UIA029		
co#UIS402	co#UIA131		
co#UIS402	co#UIS487		
co#UIS402	co#UIS666		
co#UIS404	co#UIA007		
co#UIS404	co#UIA029		
co#UIS404	co#UIA131		
co#UIS404	co#UIS487		
co#UIS404	co#UIS666		
co#UIS405	co#UIA007		
co#UIS405	co#UIA029		
co#UIS405	co#UIA131		
co#UIS405	co#UIS487		
co#UIS405	co#UIS666		
co#UIS406	co#UIA007		
co#UIS406	co#UIA029		
co#UIS406	co#UIA131		
co#UIS406	co#UIS487		
co#UIS406	co#UIS666		
co#UIS407	co#UIA007		
co#UIS407	co#UIA029		
co#UIS407	co#UIA131		
co#UIS407	co#UIS487		
co#UIS407	co#UIS666		
co#UIS408	co#UIA007		
co#UIS408	co#UIA029		
co#UIS408	co#UIA131		
co#UIS408	co#UIS113		
co#UIS408	co#UIS487		
co#UIS408	co#UIS666		
co#UIS409	co#UIA007		
co#UIS409	co#UIA029		
co#UIS409	co#UIA131		
co#UIS409	co#UIS487		
co#UIS409	co#UIS666		
co#UIS410	co#UIA007		
co#UIS410	co#UIA029		
co#UIS410	co#UIA131		
co#UIS410	co#UIS487		
co#UIS410	co#UIS666		
co#UIS411	co#UIA007		
co#UIS411	co#UIA029		
co#UIS411	co#UIA131		
co#UIS411	co#UIS487		
co#UIS411	co#UIS666		
co#UIS412	co#UIA007		
co#UIS412	co#UIA029		
co#UIS412	co#UIA131		
co#UIS412	co#UIS487		
co#UIS412	co#UIS666		
co#UIS413	co#UIA007		
co#UIS413	co#UIA029		
co#UIS413	co#UIA131		
co#UIS413	co#UIS487		
co#UIS413	co#UIS666		
co#UIS414	co#UIA007		
co#UIS414	co#UIA029		
co#UIS414	co#UIA131		
co#UIS414	co#UIS012		
co#UIS414	co#UIS487		
co#UIS414	co#UIS666		
co#UIS414	co_I0221		
co#UIS414	co_I0248		
co#UIS415	co#UIA007		
co#UIS415	co#UIA029		
co#UIS415	co#UIA131		
co#UIS415	co#UIS487		
co#UIS415	co#UIS666		
co#UIS416	co#UIA007		
co#UIS416	co#UIA029		
co#UIS416	co#UIA131		
co#UIS416	co#UIS487		
co#UIS416	co#UIS666		
co#UIS417	co#UIA007		
co#UIS417	co#UIA029		
co#UIS417	co#UIA131		
co#UIS417	co#UIS487		
co#UIS417	co#UIS666		
co#UIS417	co_I0247		
co#UIS418	co#UIA007		
co#UIS418	co#UIA029		
co#UIS418	co#UIA131		
co#UIS418	co#UIS487		
co#UIS418	co#UIS666		
co#UIS430	co#UIA007		
co#UIS430	co#UIA029		
co#UIS430	co#UIA131		
co#UIS430	co#UIS487		
co#UIS430	co#UIS666		
co#UIS431	co#UIA007		
co#UIS431	co#UIA029		
co#UIS431	co#UIA131		
co#UIS431	co#UIS487		
co#UIS431	co#UIS666		
co#UIS432	co#UIA007		
co#UIS432	co#UIA029		
co#UIS432	co#UIA131		
co#UIS432	co#UIS487		
co#UIS432	co#UIS666		
co#UIS433	co#UIA007		
co#UIS433	co#UIA029		
co#UIS433	co#UIA131		
co#UIS433	co#UIS487		
co#UIS433	co#UIS666		
co#UIS434	co#UIA007		
co#UIS434	co#UIA029		
co#UIS434	co#UIA131		
co#UIS434	co#UIS487		
co#UIS434	co#UIS666		
co#UIS435	co#UIA007		
co#UIS435	co#UIA029		
co#UIS435	co#UIA131		
co#UIS435	co#UIS487		
co#UIS435	co#UIS666		
co#UIS436	co#UIA007		
co#UIS436	co#UIA029		
co#UIS436	co#UIA131		
co#UIS436	co#UIS487		
co#UIS436	co#UIS666		
co#UIS437	co#UIA007		
co#UIS437	co#UIA029		
co#UIS437	co#UIA131		
co#UIS437	co#UIS487		
co#UIS437	co#UIS666		
co#UIS438	co#UIA007		
co#UIS438	co#UIA029		
co#UIS438	co#UIA131		
co#UIS438	co#UIS487		
co#UIS438	co#UIS666		
co#UIS439	co#UIA007		
co#UIS439	co#UIA029		
co#UIS439	co#UIA131		
co#UIS439	co#UIS487		
co#UIS439	co#UIS666		
co#UIS440	co#UIA007		
co#UIS440	co#UIA029		
co#UIS440	co#UIA131		
co#UIS440	co#UIS487		
co#UIS440	co#UIS666		
co#UIS441	co#UIA007		
co#UIS441	co#UIA029		
co#UIS441	co#UIA131		
co#UIS441	co#UIS487		
co#UIS441	co#UIS666		
co#UIS442	co#UIA007		
co#UIS442	co#UIA029		
co#UIS442	co#UIA131		
co#UIS442	co#UIS487		
co#UIS442	co#UIS666		
co#UIS443	co#UIA007		
co#UIS443	co#UIA029		
co#UIS443	co#UIA131		
co#UIS443	co#UIS487		
co#UIS443	co#UIS666		
co#UIS444	co#UIA007		
co#UIS444	co#UIA029		
co#UIS444	co#UIA131		
co#UIS444	co#UIS487		
co#UIS444	co#UIS666		
co#UIS445	co#UIA007		
co#UIS445	co#UIA029		
co#UIS445	co#UIA131		
co#UIS445	co#UIS487		
co#UIS445	co#UIS666		
co#UIS446	co#UIA007		
co#UIS446	co#UIA029		
co#UIS446	co#UIA131		
co#UIS446	co#UIS487		
co#UIS446	co#UIS666		
co#UIS447	co#UIA007		
co#UIS447	co#UIA029		
co#UIS447	co#UIA131		
co#UIS447	co#UIS487		
co#UIS447	co#UIS666		
co#UIS448	co#UIA007		
co#UIS448	co#UIA029		
co#UIS448	co#UIA131		
co#UIS448	co#UIS487		
co#UIS448	co#UIS666		
co#UIS449	co#UIA007		
co#UIS449	co#UIA029		
co#UIS449	co#UIA131		
co#UIS449	co#UIS487		
co#UIS449	co#UIS666		
co#UIS450	co#UIA007		
co#UIS450	co#UIA029		
co#UIS450	co#UIA131		
co#UIS450	co#UIS448		
co#UIS450	co#UIS449		
co#UIS450	co#UIS487		
co#UIS450	co#UIS666		
co#UIS451	co#UIA007		
co#UIS451	co#UIA029		
co#UIS451	co#UIA131		
co#UIS451	co#UIS487		
co#UIS451	co#UIS598		
co#UIS451	co#UIS666		
co#UIS452	co#UIA007		
co#UIS452	co#UIA029		
co#UIS452	co#UIA131		
co#UIS452	co#UIS487		
co#UIS452	co#UIS666		
co#UIS453	co#UIA007		
co#UIS453	co#UIA029		
co#UIS453	co#UIA131		
co#UIS453	co#UIS487		
co#UIS453	co#UIS504		
co#UIS453	co#UIS666		
co#UIS453	co#UIS676		
co#UIS454	co#UIA007		
co#UIS454	co#UIA029		
co#UIS454	co#UIA131		
co#UIS454	co#UII018		
co#UIS454	co#UIS012		
co#UIS454	co#UIS046		
co#UIS454	co#UIS303		
co#UIS454	co#UIS324		
co#UIS454	co#UIS487		
co#UIS454	co#UIS492		
co#UIS454	co#UIS513		
co#UIS454	co#UIS548		
co#UIS454	co#UIS549		
co#UIS454	co#UIS550		
co#UIS454	co#UIS551		
co#UIS454	co#UIS666		
co#UIS455	co#UIA007		
co#UIS455	co#UIA029		
co#UIS455	co#UIA131		
co#UIS455	co#UIS487		
co#UIS455	co#UIS666		
co#UIS456	co#UIA007		
co#UIS456	co#UIA029		
co#UIS456	co#UIA131		
co#UIS456	co#UIS487		
co#UIS456	co#UIS666		
co#UIS457	co#UIA007		
co#UIS457	co#UIA029		
co#UIS457	co#UIA131		
co#UIS457	co#UIS456		
co#UIS457	co#UIS487		
co#UIS457	co#UIS666		
co#UIS459	co#UIA007		
co#UIS459	co#UIA029		
co#UIS459	co#UIA131		
co#UIS459	co#UIS487		
co#UIS459	co#UIS666		
co#UIS460	co#UIA007		
co#UIS460	co#UIA029		
co#UIS460	co#UIA131		
co#UIS460	co#UIS487		
co#UIS460	co#UIS666		
co#UIS461	co#UIA007		
co#UIS461	co#UIA029		
co#UIS461	co#UIA131		
co#UIS461	co#UIS487		
co#UIS461	co#UIS666		
co#UIS462	co#UIA007		
co#UIS462	co#UIA029		
co#UIS462	co#UIA131		
co#UIS462	co#UIS487		
co#UIS462	co#UIS666		
co#UIS463	co#UIA007		
co#UIS463	co#UIA029		
co#UIS463	co#UIA131		
co#UIS463	co#UIS487		
co#UIS463	co#UIS666		
co#UIS464	co#UIA007		
co#UIS464	co#UIA029		
co#UIS464	co#UIA131		
co#UIS464	co#UIS487		
co#UIS464	co#UIS666		
co#UIS465	co#UIA007		
co#UIS465	co#UIA029		
co#UIS465	co#UIA131		
co#UIS465	co#UIS487		
co#UIS465	co#UIS666		
co#UIS466	co#UIA007		
co#UIS466	co#UIA029		
co#UIS466	co#UIA131		
co#UIS466	co#UIS487		
co#UIS466	co#UIS666		
co#UIS467	co#UIA007		
co#UIS467	co#UIA029		
co#UIS467	co#UIA131		
co#UIS467	co#UIS487		
co#UIS467	co#UIS666		
co#UIS468	co#UIA007		
co#UIS468	co#UIA029		
co#UIS468	co#UIA131		
co#UIS468	co#UIS487		
co#UIS468	co#UIS666		
co#UIS469	co#UIA007		
co#UIS469	co#UIA029		
co#UIS469	co#UIA131		
co#UIS469	co#UIS487		
co#UIS469	co#UIS666		
co#UIS470	co#UIA007		
co#UIS470	co#UIA029		
co#UIS470	co#UIA131		
co#UIS470	co#UIS487		
co#UIS470	co#UIS666		
co#UIS471	co#UIA007		
co#UIS471	co#UIA029		
co#UIS471	co#UIA131		
co#UIS471	co#UIS487		
co#UIS471	co#UIS666		
co#UIS472	co#UIA007		
co#UIS472	co#UIA029		
co#UIS472	co#UIA131		
co#UIS472	co#UIS487		
co#UIS472	co#UIS666		
co#UIS473	co#UIA007		
co#UIS473	co#UIA029		
co#UIS473	co#UIA131		
co#UIS473	co#UIS487		
co#UIS473	co#UIS666		
co#UIS474	co#UIA007		
co#UIS474	co#UIA029		
co#UIS474	co#UIA131		
co#UIS474	co#UIS487		
co#UIS474	co#UIS666		
co#UIS475	co#UIA007		
co#UIS475	co#UIA029		
co#UIS475	co#UIA131		
co#UIS475	co#UIS009		
co#UIS475	co#UIS487		
co#UIS475	co#UIS666		
co#UIS476	co#UIA007		
co#UIS476	co#UIA029		
co#UIS476	co#UIA131		
co#UIS476	co#UIS487		
co#UIS476	co#UIS666		
co#UIS478	co#UIA007		
co#UIS478	co#UIA029		
co#UIS478	co#UIA131		
co#UIS478	co#UIS487		
co#UIS478	co#UIS666		
co#UIS479	co#UIA007		
co#UIS479	co#UIA029		
co#UIS479	co#UIA131		
co#UIS479	co#UIS487		
co#UIS479	co#UIS666		
co#UIS485	co#UIA007		
co#UIS485	co#UIA029		
co#UIS485	co#UIA131		
co#UIS485	co#UIS487		
co#UIS485	co#UIS666		
co#UIS485	co_I0221		
co#UIS485	co_I0222		
co#UIS485	co_I0248		
co#UIS485	co#UIS009		
co#UIS487	co#UIA007		
co#UIS487	co#UIA029		
co#UIS487	co#UIA131		
co#UIS488	co#UIA007		
co#UIS488	co#UIA029		
co#UIS488	co#UIA131		
co#UIS488	co#UIS487		
co#UIS488	co#UIS666		
co#UIS489	co#UIA007		
co#UIS489	co#UIA029		
co#UIS489	co#UIA131		
co#UIS489	co#UIS487		
co#UIS489	co#UIS666		
co#UIS489	co_I0221		
co#UIS489	co_I0222		
co#UIS489	co_I0248		
co#UIS490	co#UIA007		
co#UIS490	co#UIA029		
co#UIS490	co#UIA131		
co#UIS490	co#UIS487		
co#UIS490	co#UIS666		
co#UIS491	co#UIA007		
co#UIS491	co#UIA029		
co#UIS491	co#UIA131		
co#UIS491	co#UIS487		
co#UIS491	co#UIS666		
co#UIS492	co#UIA007		
co#UIS492	co#UIA029		
co#UIS492	co#UIA131		
co#UIS492	co#UIS087		
co#UIS492	co#UIS487		
co#UIS492	co#UIS493		
co#UIS492	co#UIS500		
co#UIS492	co#UIS666		
co#UIS493	co#UIA007		
co#UIS493	co#UIA029		
co#UIS493	co#UIA131		
co#UIS493	co#UIS487		
co#UIS493	co#UIS666		
co#UIS494	co#UIA007		
co#UIS494	co#UIA029		
co#UIS494	co#UIA131		
co#UIS494	co#UIS487		
co#UIS494	co#UIS666		
co#UIS495	co#UIA007		
co#UIS495	co#UIA029		
co#UIS495	co#UIA131		
co#UIS495	co#UIS487		
co#UIS495	co#UIS666		
co#UIS496	co#UIA007		
co#UIS496	co#UIA029		
co#UIS496	co#UIA131		
co#UIS496	co#UIS487		
co#UIS496	co#UIS666		
co#UIS497	co#UIA007		
co#UIS497	co#UIA029		
co#UIS497	co#UIA131		
co#UIS497	co#UIS487		
co#UIS497	co#UIS666		
co#UIS499	co#UIA007		
co#UIS499	co#UIA029		
co#UIS499	co#UIA131		
co#UIS499	co#UIS487		
co#UIS499	co#UIS666		
co#UIS500	co#UIA007		
co#UIS500	co#UIA029		
co#UIS500	co#UIA131		
co#UIS500	co#UIS487		
co#UIS500	co#UIS666		
co#UIS501	co#UIA007		
co#UIS501	co#UIA029		
co#UIS501	co#UIA131		
co#UIS501	co#UIS487		
co#UIS501	co#UIS666		
co#UIS502	co#UIA007		
co#UIS502	co#UIA029		
co#UIS502	co#UIA131		
co#UIS502	co#UIS487		
co#UIS502	co#UIS666		
co#UIS503	co#UIA007		
co#UIS503	co#UIA029		
co#UIS503	co#UIA131		
co#UIS503	co#UIS487		
co#UIS503	co#UIS666		
co#UIS504	co#UIA007		
co#UIS504	co#UIA029		
co#UIS504	co#UIA131		
co#UIS504	co#UII018		
co#UIS504	co#UII072		
co#UIS504	co#UII726		
co#UIS504	co#UIS009		
co#UIS504	co#UIS046		
co#UIS504	co#UIS105		
co#UIS504	co#UIS485		
co#UIS504	co#UIS487		
co#UIS504	co#UIS666		
co#UIS504	co#UIS771		
co#UIS504	co_I0221		
co#UIS504	co_I0222		
co#UIS504	co_I0248		
co#UIS504	co#UIS067		
co#UIS504	co#UIS640		
co#UIS504	co#UIS513		
co#UIS505	co#UIA007		
co#UIS505	co#UIA029		
co#UIS505	co#UIA131		
co#UIS505	co#UIS487		
co#UIS505	co#UIS666		
co#UIS506	co#UIA007		
co#UIS506	co#UIA029		
co#UIS506	co#UIA131		
co#UIS506	co#UIS487		
co#UIS506	co#UIS666		
co#UIS507	co#UIA007		
co#UIS507	co#UIA029		
co#UIS507	co#UIA131		
co#UIS507	co#UIS487		
co#UIS507	co#UIS666		
co#UIS508	co#UIA007		
co#UIS508	co#UIA029		
co#UIS508	co#UIA131		
co#UIS508	co#UIS487		
co#UIS508	co#UIS666		
co#UIS509	co#UIA007		
co#UIS509	co#UIA029		
co#UIS509	co#UIA131		
co#UIS509	co#UIS487		
co#UIS509	co#UIS666		
co#UIS511	co#UIA007		
co#UIS511	co#UIA029		
co#UIS511	co#UIA131		
co#UIS511	co#UIS487		
co#UIS511	co#UIS666		
co#UIS512	co#UIA007		
co#UIS512	co#UIA029		
co#UIS512	co#UIA131		
co#UIS512	co#UIS487		
co#UIS512	co#UIS666		
co#UIS513	co#UIA007		
co#UIS513	co#UIA029		
co#UIS513	co#UIA131		
co#UIS513	co#UIS487		
co#UIS513	co#UIS517		
co#UIS513	co#UIS518		
co#UIS513	co#UIS519		
co#UIS513	co#UIS666		
co#UIS514	co#UIA007		
co#UIS514	co#UIA029		
co#UIS514	co#UIA131		
co#UIS514	co#UIS487		
co#UIS514	co#UIS513		
co#UIS514	co#UIS666		
co#UIS515	co#UIA007		
co#UIS515	co#UIA029		
co#UIS515	co#UIA131		
co#UIS515	co#UIS487		
co#UIS515	co#UIS517		
co#UIS515	co#UIS518		
co#UIS515	co#UIS519		
co#UIS515	co#UIS666		
co#UIS516	co#UIA007		
co#UIS516	co#UIA029		
co#UIS516	co#UIA131		
co#UIS516	co#UIS487		
co#UIS516	co#UIS515		
co#UIS516	co#UIS666		
co#UIS517	co#UIA007		
co#UIS517	co#UIA029		
co#UIS517	co#UIA131		
co#UIS517	co#UIS487		
co#UIS517	co#UIS666		
co#UIS518	co#UIA007		
co#UIS518	co#UIA029		
co#UIS518	co#UIA131		
co#UIS518	co#UIS487		
co#UIS518	co#UIS666		
co#UIS519	co#UIA007		
co#UIS519	co#UIA029		
co#UIS519	co#UIA131		
co#UIS519	co#UIS487		
co#UIS519	co#UIS666		
co#UIS520	co#UIA007		
co#UIS520	co#UIA029		
co#UIS520	co#UIA131		
co#UIS520	co#UIS487		
co#UIS520	co#UIS666		
co#UIS521	co#UIA007		
co#UIS521	co#UIA029		
co#UIS521	co#UIA131		
co#UIS521	co#UIS487		
co#UIS521	co#UIS666		
co#UIS522	co#UIA007		
co#UIS522	co#UIA029		
co#UIS522	co#UIA131		
co#UIS522	co#UIS487		
co#UIS522	co#UIS666		
co#UIS523	co#UIA007		
co#UIS523	co#UIA029		
co#UIS523	co#UIA131		
co#UIS523	co#UIS487		
co#UIS523	co#UIS666		
co#UIS524	co#UIA007		
co#UIS524	co#UIA029		
co#UIS524	co#UIA131		
co#UIS524	co#UIS487		
co#UIS524	co#UIS666		
co#UIS525	co#UIA007		
co#UIS525	co#UIA029		
co#UIS525	co#UIA131		
co#UIS525	co#UIS487		
co#UIS525	co#UIS666		
co#UIS526	co#UIA007		
co#UIS526	co#UIA029		
co#UIS526	co#UIA131		
co#UIS526	co#UIS487		
co#UIS526	co#UIS666		
co#UIS531	co#UIA007		
co#UIS531	co#UIA029		
co#UIS531	co#UIA131		
co#UIS531	co#UIS487		
co#UIS531	co#UIS666		
co#UIS532	co#UIA007		
co#UIS532	co#UIA029		
co#UIS532	co#UIA131		
co#UIS532	co#UIS487		
co#UIS532	co#UIS666		
co#UIS539	co#UIA007		
co#UIS539	co#UIA029		
co#UIS539	co#UIA131		
co#UIS539	co#UIS487		
co#UIS539	co#UIS666		
co#UIS540	co#UIA007		
co#UIS540	co#UIA029		
co#UIS540	co#UIA131		
co#UIS540	co#UIS487		
co#UIS540	co#UIS666		
co#UIS541	co#UIA007		
co#UIS541	co#UIA029		
co#UIS541	co#UIA131		
co#UIS541	co#UIS487		
co#UIS541	co#UIS666		
co#UIS543	co#UIA007		
co#UIS543	co#UIA029		
co#UIS543	co#UIA131		
co#UIS543	co#UIS487		
co#UIS543	co#UIS666		
co#UIS544	co#UIA007		
co#UIS544	co#UIA029		
co#UIS544	co#UIA131		
co#UIS544	co#UIS487		
co#UIS544	co#UIS666		
co#UIS545	co#UIA007		
co#UIS545	co#UIA029		
co#UIS545	co#UIA131		
co#UIS545	co#UIS487		
co#UIS545	co#UIS666		
co#UIS546	co#UIA007		
co#UIS546	co#UIA029		
co#UIS546	co#UIA131		
co#UIS546	co#UIS487		
co#UIS546	co#UIS666		
co#UIS548	co#UIA007		
co#UIS548	co#UIA029		
co#UIS548	co#UIA131		
co#UIS548	co#UIS487		
co#UIS548	co#UIS666		
co#UIS549	co#UIA007		
co#UIS549	co#UIA029		
co#UIS549	co#UIA131		
co#UIS549	co#UIS487		
co#UIS549	co#UIS666		
co#UIS550	co#UIA007		
co#UIS550	co#UIA029		
co#UIS550	co#UIA131		
co#UIS550	co#UIS487		
co#UIS550	co#UIS666		
co#UIS551	co#UIA007		
co#UIS551	co#UIA029		
co#UIS551	co#UIA131		
co#UIS551	co#UIS487		
co#UIS551	co#UIS666		
co#UIS552	co#UIA007		
co#UIS552	co#UIA029		
co#UIS552	co#UIA131		
co#UIS552	co#UIS487		
co#UIS552	co#UIS666		
co#UIS553	co#UIA007		
co#UIS553	co#UIA029		
co#UIS553	co#UIA131		
co#UIS553	co#UIS487		
co#UIS553	co#UIS666		
co#UIS554	co#UIA007		
co#UIS554	co#UIA029		
co#UIS554	co#UIA131		
co#UIS554	co#UIS487		
co#UIS554	co#UIS666		
co#UIS555	co#UIA007		
co#UIS555	co#UIA029		
co#UIS555	co#UIA131		
co#UIS555	co#UIS487		
co#UIS555	co#UIS666		
co#UIS556	co#UIA007		
co#UIS556	co#UIA029		
co#UIS556	co#UIA131		
co#UIS556	co#UIS487		
co#UIS556	co#UIS666		
co#UIS557	co#UIA007		
co#UIS557	co#UIA029		
co#UIS557	co#UIA131		
co#UIS557	co#UIS010		
co#UIS557	co#UIS097		
co#UIS557	co#UIS322		
co#UIS557	co#UIS448		
co#UIS557	co#UIS449		
co#UIS557	co#UIS487		
co#UIS557	co#UIS666		
co#UIS558	co#UIA007		
co#UIS558	co#UIA029		
co#UIS558	co#UIA131		
co#UIS558	co#UIS448		
co#UIS558	co#UIS449		
co#UIS558	co#UIS487		
co#UIS558	co#UIS666		
co#UIS559	co#UIA007		
co#UIS559	co#UIA029		
co#UIS559	co#UIA131		
co#UIS559	co#UIS487		
co#UIS559	co#UIS666		
co#UIS560	co#UIA007		
co#UIS560	co#UIA029		
co#UIS560	co#UIA131		
co#UIS560	co#UIS487		
co#UIS560	co#UIS666		
co#UIS561	co#UIA007		
co#UIS561	co#UIA029		
co#UIS561	co#UIA131		
co#UIS561	co#UIS487		
co#UIS561	co#UIS666		
co#UIS562	co#UIA007		
co#UIS562	co#UIA029		
co#UIS562	co#UIA131		
co#UIS562	co#UIS070		
co#UIS562	co#UIS487		
co#UIS562	co#UIS666		
co#UIS563	co#UIA007		
co#UIS563	co#UIA029		
co#UIS563	co#UIA131		
co#UIS563	co#UIS487		
co#UIS563	co#UIS666		
co#UIS564	co#UIA007		
co#UIS564	co#UIA029		
co#UIS564	co#UIA131		
co#UIS564	co#UIS487		
co#UIS564	co#UIS666		
co#UIS565	co#UIA007		
co#UIS565	co#UIA029		
co#UIS565	co#UIA131		
co#UIS565	co#UIS487		
co#UIS565	co#UIS666		
co#UIS566	co#UIA007		
co#UIS566	co#UIA029		
co#UIS566	co#UIA131		
co#UIS566	co#UIS487		
co#UIS566	co#UIS666		
co#UIS567	co#UIA007		
co#UIS567	co#UIA029		
co#UIS567	co#UIA131		
co#UIS567	co#UIS487		
co#UIS567	co#UIS666		
co#UIS568	co#UIA007		
co#UIS568	co#UIA029		
co#UIS568	co#UIA131		
co#UIS568	co#UIS487		
co#UIS568	co#UIS666		
co#UIS569	co#UIA007		
co#UIS569	co#UIA029		
co#UIS569	co#UIA131		
co#UIS569	co#UIS417		
co#UIS569	co#UIS487		
co#UIS569	co#UIS666		
co#UIS570	co#UIA007		
co#UIS570	co#UIA029		
co#UIS570	co#UIA131		
co#UIS570	co#UIS487		
co#UIS570	co#UIS666		
co#UIS584	co#UIA007		
co#UIS584	co#UIA029		
co#UIS584	co#UIA131		
co#UIS584	co#UIS487		
co#UIS584	co#UIS666		
co#UIS586	co#UIA007		
co#UIS586	co#UIA029		
co#UIS586	co#UIA131		
co#UIS586	co#UIS009		
co#UIS586	co#UIS334		
co#UIS586	co#UIS487		
co#UIS586	co#UIS643		
co#UIS586	co#UIS666		
co#UIS587	co#UIA007		
co#UIS587	co#UIA029		
co#UIS587	co#UIA131		
co#UIS587	co#UIS418		
co#UIS587	co#UIS487		
co#UIS587	co#UIS666		
co#UIS588	co#UIA007		
co#UIS588	co#UIA029		
co#UIS588	co#UIA131		
co#UIS588	co#UIS487		
co#UIS588	co#UIS666		
co#UIS589	co#UIA007		
co#UIS589	co#UIA029		
co#UIS589	co#UIA131		
co#UIS589	co#UIS487		
co#UIS589	co#UIS666		
co#UIS590	co#UIA007		
co#UIS590	co#UIA029		
co#UIS590	co#UIA131		
co#UIS590	co#UIS487		
co#UIS590	co#UIS666		
co#UIS591	co#UIA007		
co#UIS591	co#UIA029		
co#UIS591	co#UIA131		
co#UIS591	co#UIS487		
co#UIS591	co#UIS666		
co#UIS592	co#UIA007		
co#UIS592	co#UIA029		
co#UIS592	co#UIA131		
co#UIS592	co#UIS487		
co#UIS592	co#UIS666		
co#UIS593	co#UIA007		
co#UIS593	co#UIA029		
co#UIS593	co#UIA131		
co#UIS593	co#UIS487		
co#UIS593	co#UIS666		
co#UIS594	co#UIA007		
co#UIS594	co#UIA029		
co#UIS594	co#UIA131		
co#UIS594	co#UIS487		
co#UIS594	co#UIS666		
co#UIS595	co#UIA007		
co#UIS595	co#UIA029		
co#UIS595	co#UIA131		
co#UIS595	co#UIS487		
co#UIS595	co#UIS666		
co#UIS596	co#UIA007		
co#UIS596	co#UIA029		
co#UIS596	co#UIA131		
co#UIS596	co#UIS487		
co#UIS596	co#UIS666		
co#UIS597	co#UIA000		
co#UIS597	co#UIA007		
co#UIS597	co#UIA029		
co#UIS597	co#UIA131		
co#UIS597	co#UIS010		
co#UIS597	co#UIS087		
co#UIS597	co#UIS487		
co#UIS597	co#UIS598		
co#UIS597	co#UIS666		
co#UIS598	co#UIA007		
co#UIS598	co#UIA029		
co#UIS598	co#UIA131		
co#UIS598	co#UIS487		
co#UIS598	co#UIS666		
co#UIS599	co#UIA007		
co#UIS599	co#UIA029		
co#UIS599	co#UIA131		
co#UIS599	co#UIS487		
co#UIS599	co#UIS666		
co#UIS600	co#UIA007		
co#UIS600	co#UIA029		
co#UIS600	co#UIA131		
co#UIS600	co#UIS487		
co#UIS600	co#UIS666		
co#UIS610	co#UIA007		
co#UIS610	co#UIA029		
co#UIS610	co#UIA131		
co#UIS610	co#UIS487		
co#UIS610	co#UIS666		
co#UIS611	co#UIA007		
co#UIS611	co#UIA029		
co#UIS611	co#UIA131		
co#UIS611	co#UIS487		
co#UIS611	co#UIS666		
co#UIS612	co#UIA007		
co#UIS612	co#UIA029		
co#UIS612	co#UIA131		
co#UIS612	co#UIS487		
co#UIS612	co#UIS666		
co#UIS613	co#UIA007		
co#UIS613	co#UIA029		
co#UIS613	co#UIA131		
co#UIS613	co#UIS487		
co#UIS613	co#UIS666		
co#UIS614	co#UIA007		
co#UIS614	co#UIA029		
co#UIS614	co#UIA131		
co#UIS614	co#UIS487		
co#UIS614	co#UIS666		
co#UIS615	co#UIA007		
co#UIS615	co#UIA029		
co#UIS615	co#UIA131		
co#UIS615	co#UIS487		
co#UIS615	co#UIS666		
co#UIS616	co#UIA007		
co#UIS616	co#UIA029		
co#UIS616	co#UIA131		
co#UIS616	co#UIS487		
co#UIS616	co#UIS666		
co#UIS640	co#UIA007		
co#UIS640	co#UIA029		
co#UIS640	co#UIA131		
co#UIS640	co#UIS487		
co#UIS640	co#UIS666		
co#UIS641	co#UIA007		
co#UIS641	co#UIA029		
co#UIS641	co#UIA131		
co#UIS641	co#UIS487		
co#UIS641	co#UIS666		
co#UIS642	co#UIA007		
co#UIS642	co#UIA029		
co#UIS642	co#UIA131		
co#UIS642	co#UIS487		
co#UIS642	co#UIS666		
co#UIS643	co#UIA007		
co#UIS643	co#UIA029		
co#UIS643	co#UIA131		
co#UIS643	co#UIS487		
co#UIS643	co#UIS666		
co#UIS644	co#UIA007		
co#UIS644	co#UIA029		
co#UIS644	co#UIA131		
co#UIS644	co#UIS487		
co#UIS644	co#UIS666		
co#UIS645	co#UIA007		
co#UIS645	co#UIA029		
co#UIS645	co#UIA131		
co#UIS645	co#UIS487		
co#UIS645	co#UIS666		
co#UIS646	co#UIA007		
co#UIS646	co#UIA029		
co#UIS646	co#UIA131		
co#UIS646	co#UIS487		
co#UIS646	co#UIS666		
co#UIS653	co#UIA000		
co#UIS653	co#UIA007		
co#UIS653	co#UIA029		
co#UIS653	co#UIA131		
co#UIS653	co#UII018		
co#UIS653	co#UII072		
co#UIS653	co#UIS046		
co#UIS653	co#UIS485		
co#UIS653	co#UIS487		
co#UIS653	co#UIS504		
co#UIS653	co#UIS643		
co#UIS653	co#UIS666		
co#UIS653	co_I0221		
co#UIS653	co_I0222		
co#UIS653	co_I0248		
co#UIS658	co#UIA007		
co#UIS658	co#UIA029		
co#UIS658	co#UIA131		
co#UIS658	co#UII018		
co#UIS658	co#UIS046		
co#UIS658	co#UIS087		
co#UIS658	co#UIS487		
co#UIS658	co#UIS666		
co#UIS659	co#UIA007		
co#UIS659	co#UIA029		
co#UIS659	co#UIA131		
co#UIS659	co#UIS487		
co#UIS659	co#UIS666		
co#UIS660	co#UIA007		
co#UIS660	co#UIA029		
co#UIS660	co#UIA131		
co#UIS660	co#UII018		
co#UIS660	co#UIS046		
co#UIS660	co#UIS487		
co#UIS660	co#UIS492		
co#UIS660	co#UIS642		
co#UIS660	co#UIS643		
co#UIS660	co#UIS666		
co#UIS660	co#UIS715		
co#UIS661	co#UIA007		
co#UIS661	co#UIA029		
co#UIS661	co#UIA131		
co#UIS661	co#UIS487		
co#UIS661	co#UIS666		
co#UIS662	co#UIA007		
co#UIS662	co#UIA029		
co#UIS662	co#UIA131		
co#UIS662	co#UIS417		
co#UIS662	co#UIS487		
co#UIS662	co#UIS666		
co#UIS665	co#UIA007		
co#UIS665	co#UIA029		
co#UIS665	co#UIA131		
co#UIS665	co#UIS487		
co#UIS665	co#UIS666		
co#UIS666	co#UIA007		
co#UIS666	co#UIA029		
co#UIS666	co#UIA131		
co#UIS666	co#UIS487		
co#UIS667	co#UIA007		
co#UIS667	co#UIA029		
co#UIS667	co#UIA131		
co#UIS667	co#UIS487		
co#UIS667	co#UIS666		
co#UIS668	co#UIA007		
co#UIS668	co#UIA029		
co#UIS668	co#UIA131		
co#UIS668	co#UIS487		
co#UIS668	co#UIS666		
co#UIS669	co#UIA007		
co#UIS669	co#UIA029		
co#UIS669	co#UIA131		
co#UIS669	co#UIS487		
co#UIS669	co#UIS666		
co#UIS670	co#UIA007		
co#UIS670	co#UIA029		
co#UIS670	co#UIA131		
co#UIS670	co#UIS487		
co#UIS670	co#UIS666		
co#UIS671	co#UIA007		
co#UIS671	co#UIA029		
co#UIS671	co#UIA131		
co#UIS671	co#UIS487		
co#UIS671	co#UIS666		
co#UIS672	co#UIA007		
co#UIS672	co#UIA029		
co#UIS672	co#UIA131		
co#UIS672	co#UIS487		
co#UIS672	co#UIS666		
co#UIS673	co#UIA007		
co#UIS673	co#UIA029		
co#UIS673	co#UIA131		
co#UIS673	co#UIS487		
co#UIS673	co#UIS666		
co#UIS674	co#UIA007		
co#UIS674	co#UIA029		
co#UIS674	co#UIA131		
co#UIS674	co#UIS487		
co#UIS674	co#UIS666		
co#UIS675	co#UIA007		
co#UIS675	co#UIA029		
co#UIS675	co#UIA131		
co#UIS675	co#UIS487		
co#UIS675	co#UIS666		
co#UIS675	co#UIS667		
co#UIS675	co#UIS669		
co#UIS675	co#UIS671		
co#UIS676	co#UIA007		
co#UIS676	co#UIA029		
co#UIS676	co#UIA131		
co#UIS676	co#UII018		
co#UIS676	co#UII073		
co#UIS676	co#UIS009		
co#UIS676	co#UIS046		
co#UIS676	co#UIS487		
co#UIS676	co#UIS666		
co#UIS676	co#UIS673		
co#UIS676	co#UIS675		
co#UIS677	co#UIA000		
co#UIS677	co#UIA007		
co#UIS677	co#UIA029		
co#UIS677	co#UIA131		
co#UIS677	co#UII018		
co#UIS677	co#UII073		
co#UIS677	co#UIS046		
co#UIS677	co#UIS487		
co#UIS677	co#UIS666		
co#UIS677	co#UIS667		
co#UIS677	co#UIS669		
co#UIS677	co#UIS671		
co#UIS677	co#UIS675		
co#UIS678	co#UIA007		
co#UIS678	co#UIA029		
co#UIS678	co#UIA131		
co#UIS678	co#UIS487		
co#UIS678	co#UIS666		
co#UIS679	co#UIA007		
co#UIS679	co#UIA029		
co#UIS679	co#UIA131		
co#UIS679	co#UIS487		
co#UIS679	co#UIS666		
co#UIS680	co#UIA007		
co#UIS680	co#UIA029		
co#UIS680	co#UIA131		
co#UIS680	co#UIS487		
co#UIS680	co#UIS666		
co#UIS681	co#UIA007		
co#UIS681	co#UIA029		
co#UIS681	co#UIA131		
co#UIS681	co#UIS487		
co#UIS681	co#UIS666		
co#UIS682	co#UIA007		
co#UIS682	co#UIA029		
co#UIS682	co#UIA131		
co#UIS682	co#UIS487		
co#UIS682	co#UIS666		
co#UIS683	co#UIA007		
co#UIS683	co#UIA029		
co#UIS683	co#UIA131		
co#UIS683	co#UIS487		
co#UIS683	co#UIS666		
co#UIS683	co#UIS686		
co#UIS684	co#UIA007		
co#UIS684	co#UIA029		
co#UIS684	co#UIA131		
co#UIS684	co#UIS487		
co#UIS684	co#UIS666		
co#UIS684	co#UIS686		
co#UIS685	co#UIA007		
co#UIS685	co#UIA029		
co#UIS685	co#UIA131		
co#UIS685	co#UIS487		
co#UIS685	co#UIS666		
co#UIS685	co#UIS686		
co#UIS686	co#UIA007		
co#UIS686	co#UIA029		
co#UIS686	co#UIA131		
co#UIS686	co#UIS325		
co#UIS686	co#UIS487		
co#UIS686	co#UIS666		
co#UIS687	co#UIA007		
co#UIS687	co#UIA029		
co#UIS687	co#UIA131		
co#UIS687	co#UIS487		
co#UIS687	co#UIS666		
co#UIS688	co#UIA007		
co#UIS688	co#UIA029		
co#UIS688	co#UIA131		
co#UIS688	co#UIS487		
co#UIS688	co#UIS666		
co#UIS689	co#UIA007		
co#UIS689	co#UIA029		
co#UIS689	co#UIA131		
co#UIS689	co#UIS487		
co#UIS689	co#UIS666		
co#UIS690	co#UIA007		
co#UIS690	co#UIA029		
co#UIS690	co#UIA131		
co#UIS690	co#UIS487		
co#UIS690	co#UIS666		
co#UIS691	co#UIA007		
co#UIS691	co#UIA029		
co#UIS691	co#UIA131		
co#UIS691	co#UIS487		
co#UIS691	co#UIS666		
co#UIS692	co#UIA007		
co#UIS692	co#UIA029		
co#UIS692	co#UIA131		
co#UIS692	co#UIS487		
co#UIS692	co#UIS666		
co#UIS693	co#UIA007		
co#UIS693	co#UIA029		
co#UIS693	co#UIA131		
co#UIS693	co#UIS487		
co#UIS693	co#UIS666		
co#UIS694	co#UIA007		
co#UIS694	co#UIA029		
co#UIS694	co#UIA131		
co#UIS694	co#UIS487		
co#UIS694	co#UIS666		
co#UIS695	co#UIA007		
co#UIS695	co#UIA029		
co#UIS695	co#UIA131		
co#UIS695	co#UIS487		
co#UIS695	co#UIS666		
co#UIS696	co#UIA007		
co#UIS696	co#UIA029		
co#UIS696	co#UIA131		
co#UIS696	co#UIS487		
co#UIS696	co#UIS666		
co#UIS697	co#UIA007		
co#UIS697	co#UIA029		
co#UIS697	co#UIA131		
co#UIS697	co#UIS487		
co#UIS697	co#UIS666		
co#UIS699	co#UIA007		
co#UIS699	co#UIA029		
co#UIS699	co#UIA131		
co#UIS699	co#UIS487		
co#UIS699	co#UIS666		
co#UIS700	co#UIA007		
co#UIS700	co#UIA029		
co#UIS700	co#UIA131		
co#UIS700	co#UIS487		
co#UIS700	co#UIS643		
co#UIS700	co#UIS666		
co#UIS701	co#UIA007		
co#UIS701	co#UIA029		
co#UIS701	co#UIA131		
co#UIS701	co#UIS487		
co#UIS701	co#UIS666		
co#UIS702	co#UIA007		
co#UIS702	co#UIA029		
co#UIS702	co#UIA131		
co#UIS702	co#UIS487		
co#UIS702	co#UIS640		
co#UIS702	co#UIS666		
co#UIS703	co#UIA007		
co#UIS703	co#UIA029		
co#UIS703	co#UIA131		
co#UIS703	co#UIS487		
co#UIS703	co#UIS666		
co#UIS704	co#UIA007		
co#UIS704	co#UIA029		
co#UIS704	co#UIA131		
co#UIS704	co#UII003		
co#UIS704	co#UII054		
co#UIS704	co#UIS012		
co#UIS704	co#UIS322		
co#UIS704	co#UIS324		
co#UIS704	co#UIS487		
co#UIS704	co#UIS508		
co#UIS704	co#UIS549		
co#UIS704	co#UIS615		
co#UIS704	co#UIS666		
co#UIS705	co#UIA007		
co#UIS705	co#UIA029		
co#UIS705	co#UIA131		
co#UIS705	co#UIS046		
co#UIS705	co#UIS487		
co#UIS705	co#UIS666		
co#UIS705	co#UIS704		
co#UIS706	co#UIA007		
co#UIS706	co#UIA029		
co#UIS706	co#UIA131		
co#UIS706	co#UIS487		
co#UIS706	co#UIS666		
co#UIS707	co#UIA007		
co#UIS707	co#UIA029		
co#UIS707	co#UIA131		
co#UIS707	co#UIS487		
co#UIS707	co#UIS640		
co#UIS707	co#UIS666		
co#UIS708	co#UIA007		
co#UIS708	co#UIA029		
co#UIS708	co#UIA131		
co#UIS708	co#UIS487		
co#UIS708	co#UIS640		
co#UIS708	co#UIS666		
co#UIS709	co#UIA007		
co#UIS709	co#UIA029		
co#UIS709	co#UIA131		
co#UIS709	co#UIS487		
co#UIS709	co#UIS666		
co#UIS712	co#UIA007		
co#UIS712	co#UIA029		
co#UIS712	co#UIA131		
co#UIS712	co#UIS487		
co#UIS712	co#UIS666		
co#UIS713	co#UIA007		
co#UIS713	co#UIA029		
co#UIS713	co#UIA131		
co#UIS713	co#UIS487		
co#UIS713	co#UIS666		
co#UIS714	co#UIA007		
co#UIS714	co#UIA029		
co#UIS714	co#UIA131		
co#UIS714	co#UIS487		
co#UIS714	co#UIS666		
co#UIS715	co#UIA007		
co#UIS715	co#UIA029		
co#UIS715	co#UIA131		
co#UIS715	co#UIS487		
co#UIS715	co#UIS666		
co#UIS716	co#UIA007		
co#UIS716	co#UIA029		
co#UIS716	co#UIA131		
co#UIS716	co#UIS010		
co#UIS716	co#UIS448		
co#UIS716	co#UIS449		
co#UIS716	co#UIS487		
co#UIS716	co#UIS666		
co#UIS717	co#UIA007		
co#UIS717	co#UIA029		
co#UIS717	co#UIA131		
co#UIS717	co#UIS010		
co#UIS717	co#UIS448		
co#UIS717	co#UIS449		
co#UIS717	co#UIS487		
co#UIS717	co#UIS666		
co#UIS718	co#UIA007		
co#UIS718	co#UIA029		
co#UIS718	co#UIA131		
co#UIS718	co#UIS010		
co#UIS718	co#UIS448		
co#UIS718	co#UIS449		
co#UIS718	co#UIS487		
co#UIS718	co#UIS666		
co#UIS719	co#UIA007		
co#UIS719	co#UIA029		
co#UIS719	co#UIA131		
co#UIS719	co#UIS487		
co#UIS719	co#UIS666		
co#UIS720	co#UIA007		
co#UIS720	co#UIA029		
co#UIS720	co#UIA131		
co#UIS720	co#UIS487		
co#UIS720	co#UIS666		
co#UIS721	co#UIA007		
co#UIS721	co#UIA029		
co#UIS721	co#UIA131		
co#UIS721	co#UIS487		
co#UIS721	co#UIS666		
co#UIS724	co#UIA007		
co#UIS724	co#UIA029		
co#UIS724	co#UIA131		
co#UIS724	co#UIS487		
co#UIS724	co#UIS666		
co#UIS725	co#UIA007		
co#UIS725	co#UIA029		
co#UIS725	co#UIA131		
co#UIS725	co#UIS487		
co#UIS725	co#UIS666		
co#UIS727	co#UIA007		
co#UIS727	co#UIA029		
co#UIS727	co#UIA131		
co#UIS727	co#UIS487		
co#UIS727	co#UIS666		
co#UIS728	co#UIA007		
co#UIS728	co#UIA029		
co#UIS728	co#UIA131		
co#UIS728	co#UIS487		
co#UIS728	co#UIS666		
co#UIS729	co#UIA007		
co#UIS729	co#UIA029		
co#UIS729	co#UIA131		
co#UIS729	co#UIS487		
co#UIS729	co#UIS666		
co#UIS730	co#UIA007		
co#UIS730	co#UIA029		
co#UIS730	co#UIA131		
co#UIS730	co#UIS487		
co#UIS730	co#UIS666		
co#UIS731	co#UIA007		
co#UIS731	co#UIA029		
co#UIS731	co#UIA131		
co#UIS731	co#UIS487		
co#UIS731	co#UIS666		
co#UIS732	co#UIA007		
co#UIS732	co#UIA029		
co#UIS732	co#UIA131		
co#UIS732	co#UIS487		
co#UIS732	co#UIS666		
co#UIS733	co#UIA007		
co#UIS733	co#UIA029		
co#UIS733	co#UIA131		
co#UIS733	co#UIS487		
co#UIS733	co#UIS666		
co#UIS734	co#UIA007		
co#UIS734	co#UIA029		
co#UIS734	co#UIA131		
co#UIS734	co#UIS487		
co#UIS734	co#UIS666		
co#UIS735	co#UIA007		
co#UIS735	co#UIA029		
co#UIS735	co#UIA131		
co#UIS735	co#UIS487		
co#UIS735	co#UIS666		
co#UIS736	co#UIA007		
co#UIS736	co#UIA029		
co#UIS736	co#UIA131		
co#UIS736	co#UII003		
co#UIS736	co#UIS010		
co#UIS736	co#UIS087		
co#UIS736	co#UIS097		
co#UIS736	co#UIS417		
co#UIS736	co#UIS487		
co#UIS736	co#UIS504		
co#UIS736	co#UIS513		
co#UIS736	co#UIS666		
co#UIS736	co#UIS704		
co#UIS737	co#UIA007		
co#UIS737	co#UIA029		
co#UIS737	co#UIA131		
co#UIS737	co#UIS487		
co#UIS737	co#UIS666		
co#UIS738	co#UIA007		
co#UIS738	co#UIA029		
co#UIS738	co#UIA131		
co#UIS738	co#UIS487		
co#UIS738	co#UIS666		
co#UIS739	co#UIA007		
co#UIS739	co#UIA029		
co#UIS739	co#UIA131		
co#UIS739	co#UIS487		
co#UIS739	co#UIS666		
co#UIS741	co#UIA007		
co#UIS741	co#UIA029		
co#UIS741	co#UIA131		
co#UIS741	co#UIS487		
co#UIS741	co#UIS666		
co#UIS742	co#UIA007		
co#UIS742	co#UIA029		
co#UIS742	co#UIA131		
co#UIS742	co#UIS487		
co#UIS742	co#UIS666		
co#UIS743	co#UIA007		
co#UIS743	co#UIA029		
co#UIS743	co#UIA131		
co#UIS743	co#UIS487		
co#UIS743	co#UIS666		
co#UIS744	co#UIA007		
co#UIS744	co#UIA029		
co#UIS744	co#UIA131		
co#UIS744	co#UIS487		
co#UIS744	co#UIS666		
co#UIS744	co_I0287		
co#UIS745	co#UIA007		
co#UIS745	co#UIA029		
co#UIS745	co#UIA131		
co#UIS745	co#UIS487		
co#UIS745	co#UIS666		
co#UIS746	co#UIA007		
co#UIS746	co#UIA029		
co#UIS746	co#UIA131		
co#UIS746	co#UIS487		
co#UIS746	co#UIS666		
co#UIS747	co#UIA007		
co#UIS747	co#UIA029		
co#UIS747	co#UIA131		
co#UIS747	co#UIS487		
co#UIS747	co#UIS666		
co#UIS748	co#UIA007		
co#UIS748	co#UIA029		
co#UIS748	co#UIA131		
co#UIS748	co#UIS487		
co#UIS748	co#UIS666		
co#UIS749	co#UIA007		
co#UIS749	co#UIA029		
co#UIS749	co#UIA131		
co#UIS749	co#UIS487		
co#UIS749	co#UIS666		
co#UIS750	co#UIA007		
co#UIS750	co#UIA029		
co#UIS750	co#UIA131		
co#UIS750	co#UIS487		
co#UIS750	co#UIS666		
co#UIS751	co#UIA007		
co#UIS751	co#UIA029		
co#UIS751	co#UIA131		
co#UIS751	co#UIS487		
co#UIS751	co#UIS666		
co#UIS752	co#UIA007		
co#UIS752	co#UIA029		
co#UIS752	co#UIA131		
co#UIS752	co#UIS487		
co#UIS752	co#UIS666		
co#UIS753	co#UIA007		
co#UIS753	co#UIA029		
co#UIS753	co#UIA131		
co#UIS753	co#UIS487		
co#UIS753	co#UIS666		
co#UIS754	co#UIA007		
co#UIS754	co#UIA029		
co#UIS754	co#UIA131		
co#UIS754	co#UIS487		
co#UIS754	co#UIS666		
co#UIS755	co#UIA007		
co#UIS755	co#UIA029		
co#UIS755	co#UIA131		
co#UIS755	co#UIS487		
co#UIS755	co#UIS666		
co#UIS756	co#UIA007		
co#UIS756	co#UIA029		
co#UIS756	co#UIA131		
co#UIS756	co#UIS487		
co#UIS756	co#UIS666		
co#UIS757	co#UIA007		
co#UIS757	co#UIA029		
co#UIS757	co#UIA131		
co#UIS757	co#UIS487		
co#UIS757	co#UIS666		
co#UIS758	co#UIA007		
co#UIS758	co#UIA029		
co#UIS758	co#UIA131		
co#UIS758	co#UIS487		
co#UIS758	co#UIS666		
co#UIS759	co#UIA007		
co#UIS759	co#UIA029		
co#UIS759	co#UIA131		
co#UIS759	co#UIS487		
co#UIS759	co#UIS666		
co#UIS760	co#UIA007		
co#UIS760	co#UIA029		
co#UIS760	co#UIA131		
co#UIS760	co#UIS487		
co#UIS760	co#UIS666		
co#UIS761	co#UIA007		
co#UIS761	co#UIA029		
co#UIS761	co#UIA131		
co#UIS761	co#UIS487		
co#UIS761	co#UIS666		
co#UIS762	co#UIA007		
co#UIS762	co#UIA029		
co#UIS762	co#UIA131		
co#UIS762	co#UIS487		
co#UIS762	co#UIS666		
co#UIS763	co#UIA007		
co#UIS763	co#UIA029		
co#UIS763	co#UIA131		
co#UIS763	co#UIS487		
co#UIS763	co#UIS666		
co#UIS764	co#UIA007		
co#UIS764	co#UIA029		
co#UIS764	co#UIA131		
co#UIS764	co#UIS487		
co#UIS764	co#UIS666		
co#UIS765	co#UIA007		
co#UIS765	co#UIA029		
co#UIS765	co#UIA131		
co#UIS765	co#UIS487		
co#UIS765	co#UIS666		
co#UIS766	co#UIA007		
co#UIS766	co#UIA029		
co#UIS766	co#UIA131		
co#UIS766	co#UIS487		
co#UIS766	co#UIS666		
co#UIS767	co#UIA007		
co#UIS767	co#UIA029		
co#UIS767	co#UIA131		
co#UIS767	co#UIS487		
co#UIS767	co#UIS666		
co#UIS768	co#UIA007		
co#UIS768	co#UIA029		
co#UIS768	co#UIA131		
co#UIS768	co#UIS487		
co#UIS768	co#UIS666		
co#UIS769	co#UIA007		
co#UIS769	co#UIA029		
co#UIS769	co#UIA131		
co#UIS769	co#UIS487		
co#UIS769	co#UIS666		
co#UIS770	co#UIA007		
co#UIS770	co#UIA029		
co#UIS770	co#UIA131		
co#UIS770	co#UIS487		
co#UIS770	co#UIS666		
co#UIS771	co#UIA007		
co#UIS771	co#UIA029		
co#UIS771	co#UIA131		
co#UIS771	co#UIS487		
co#UIS771	co#UIS666		
co#UIS772	co#UIA007		
co#UIS772	co#UIA029		
co#UIS772	co#UIA131		
co#UIS772	co#UIS487		
co#UIS772	co#UIS666		
co#UIS773	co#UIA007		
co#UIS773	co#UIA029		
co#UIS773	co#UIA131		
co#UIS773	co#UIS487		
co#UIS773	co#UIS666		
co#UIS774	co#UIA007		
co#UIS774	co#UIA029		
co#UIS774	co#UIA131		
co#UIS774	co#UIS487		
co#UIS774	co#UIS640		
co#UIS774	co#UIS666		
co#UIS774	co#UIS713		
co#UIS774	co#UIS773		
co#UIS775	co#UIA007		
co#UIS775	co#UIA029		
co#UIS775	co#UIA131		
co#UIS775	co#UIS011		
co#UIS775	co#UIS418		
co#UIS775	co#UIS487		
co#UIS775	co#UIS666		
co#UIS776	co#UIA007		
co#UIS776	co#UIA029		
co#UIS776	co#UIA131		
co#UIS776	co#UIS487		
co#UIS776	co#UIS666		
co#UIS777	co#UIA007		
co#UIS777	co#UIA029		
co#UIS777	co#UIA131		
co#UIS777	co#UIS487		
co#UIS777	co#UIS666		
co#UIS778	co#UIA007		
co#UIS778	co#UIA029		
co#UIS778	co#UIA131		
co#UIS778	co#UIS010		
co#UIS778	co#UIS095		
co#UIS778	co#UIS487		
co#UIS778	co#UIS642		
co#UIS778	co#UIS643		
co#UIS778	co#UIS666		
co#UIS778	co_I0015		
co#UIS780	co#UIA007		
co#UIS780	co#UIA029		
co#UIS780	co#UIA131		
co#UIS780	co#UIS487		
co#UIS780	co#UIS666		
co#UIS781	co#UIA007		
co#UIS781	co#UIA029		
co#UIS781	co#UIA131		
co#UIS781	co#UIS487		
co#UIS781	co#UIS666		
co#UIS782	co#UIA007		
co#UIS782	co#UIA029		
co#UIS782	co#UIA131		
co#UIS782	co#UIS487		
co#UIS782	co#UIS666		
co#UIS783	co#UIA007		
co#UIS783	co#UIA029		
co#UIS783	co#UIA131		
co#UIS783	co#UIS487		
co#UIS783	co#UIS666		
co#UIS784	co#UIA007		
co#UIS784	co#UIA029		
co#UIS784	co#UIA131		
co#UIS784	co#UIS487		
co#UIS784	co#UIS666		
co#UIS785	co#UIA007		
co#UIS785	co#UIA029		
co#UIS785	co#UIA131		
co#UIS785	co#UIS487		
co#UIS785	co#UIS666		
co#UIS786	co#UIA007		
co#UIS786	co#UIA029		
co#UIS786	co#UIA131		
co#UIS786	co#UIS487		
co#UIS786	co#UIS666		
co#UIS787	co#UIA007		
co#UIS787	co#UIA029		
co#UIS787	co#UIA131		
co#UIS787	co#UIS487		
co#UIS787	co#UIS666		
co#UIS788	co#UIA007		
co#UIS788	co#UIA029		
co#UIS788	co#UIA131		
co#UIS788	co#UIS487		
co#UIS788	co#UIS666		
co#UIS789	co#UIA007		
co#UIS789	co#UIA029		
co#UIS789	co#UIA131		
co#UIS789	co#UIS487		
co#UIS789	co#UIS666		
co#UIS790	co#UIA007		
co#UIS790	co#UIA029		
co#UIS790	co#UIA131		
co#UIS790	co#UIS487		
co#UIS790	co#UIS666		
co#UIS791	co#UIA007		
co#UIS791	co#UIA029		
co#UIS791	co#UIA131		
co#UIS791	co#UIS487		
co#UIS791	co#UIS666		
co#UIS792	co#UIA007		
co#UIS792	co#UIA029		
co#UIS792	co#UIA131		
co#UIS792	co#UIS487		
co#UIS792	co#UIS666		
co#UIS792	co#UIS789		
co#UIS792	co#UIS790		
co#UIS792	co#UIS791		
co#UIS823	co#UIS643		
co#UIS823	co#UIS018		
co#UIS823	co#UIA007		
co#UIS823	co#UIA029		
co#UIS823	co#UIA131		
co#UIS823	co#UIS487		
co#UIS823	co#UIS666		
co#UIS837	co#UIS666		
co#UIS837	co#UIS715		
co#UIS837	co#UIS046		
co#UIS837	co#UIS087		
co#UIS837	co#UIA069		
co#UIS837	co#UII018		
co#UIS837	co#UIA007		
co#UIS837	co#UIA029		
co#UIS837	co#UIA131		
co#UIS837	co#UIS487		
co#UIS839	co#UIA007		
co#UIS839	co#UIA029		
co#UIS839	co#UIA131		
co#UIS839	co#UIS487		
co#UIS839	co#UIS666		

co#UIS840	co#UIA007		
co#UIS840	co#UIA029		
co#UIS840	co#UIA131		
co#UIS840	co#UIS487		
co#UIS840	co#UIS666		
co#UIS840	co#UIS837		

co#UIS841	co#UIA007		
co#UIS841	co#UIA029		
co#UIS841	co#UIA131		
co#UIS841	co#UIS487		
co#UIS841	co#UIS666		
co#UIS841	co#UIS837		
co#UIS842	co#UIA007		
co#UIS842	co#UIA029		
co#UIS842	co#UIA131		
co#UIS842	co#UIS487		
co#UIS842	co#UIS666		
co#UIS842	co#UIS009		
co#UIS842	co#UIA000		
co#UIS847	co#UIA007		
co#UIS847	co#UIA029		
co#UIS847	co#UIA131		
co#UIS847	co#UIS487		
co#UIS847	co#UIS666		
co#UIS847	co#UIA154		
co#UIS848	co#UIA007		
co#UIS848	co#UIA029		
co#UIS848	co#UIA131		
co#UIS848	co#UIS487		
co#UIS848	co#UIS666		
co#UIS848	co#UIS097		
co#UIS848	co#UIS504		
co#UIS850	co#UIA007		
co#UIS850	co#UIA029		
co#UIS850	co#UIA131		
co#UIS850	co#UIS487		
co#UIS850	co#UIS666		
co#UIS850	co#UIS833		
co#UIS850	co#UIS828		
co#UIS850	co#UIS009		
co_A0004	co#UIA007		
co_A0004	co#UIA029		
co_A0004	co#UIA112		
co_A0004	co#UIA131		
co_A0005	co#UIA007		
co_A0005	co#UIA029		
co_A0005	co#UIA112		
co_A0005	co#UIA131		
co_A0006	co#UIA007		
co_A0006	co#UIA029		
co_A0006	co#UIA112		
co_A0006	co#UIA131		
co_A0020	co#UIA007		
co_A0020	co#UIA029		
co_A0020	co#UIA112		
co_A0020	co#UIA131		
co_A0026	co#UIA007		
co_A0026	co#UIA029		
co_A0026	co#UIA112		
co_A0026	co#UIA131		
co_A0027	co#UIA007		
co_A0027	co#UIA029		
co_A0027	co#UIA112		
co_A0027	co#UIA131		
co_A0029	co#UIA007		
co_A0029	co#UIA029		
co_A0029	co#UIA112		
co_A0029	co#UIA131		
co_A0030	co#UIA007		
co_A0030	co#UIA029		
co_A0030	co#UIA112		
co_A0030	co#UIA131		
co_A0030	co#UIS088		
co_A0031	co#UIA007		
co_A0031	co#UIA029		
co_A0031	co#UIA112		
co_A0031	co#UIA131		
co_A0034	co#UIA007		
co_A0034	co#UIA029		
co_A0034	co#UIA112		
co_A0034	co#UIA131		
co_A0034	co#UIC003		
co_A0035	co#UIA007		
co_A0035	co#UIA029		
co_A0035	co#UIA112		
co_A0035	co#UIA131		
co_A0036	co#UIA007		
co_A0036	co#UIA029		
co_A0036	co#UIA112		
co_A0036	co#UIA131		
co_A0037	co#UIA007		
co_A0037	co#UIA029		
co_A0037	co#UIA112		
co_A0037	co#UIA131		
co_A0038	co#UIA007		
co_A0038	co#UIA029		
co_A0038	co#UIA112		
co_A0038	co#UIA131		
co_A0049	co#UIA007		
co_A0049	co#UIA029		
co_A0049	co#UIA112		
co_A0049	co#UIA131		
co_A0073	co#UIA007		
co_A0073	co#UIA029		
co_A0073	co#UIA112		
co_A0073	co#UIA131		
co_A0074	co#UIA007		
co_A0074	co#UIA029		
co_A0074	co#UIA112		
co_A0074	co#UIA131		
co_A0089	co#UIA007		
co_A0089	co#UIA029		
co_A0089	co#UIA112		
co_A0089	co#UIA131		
co_A0090	co#UIA007		
co_A0090	co#UIA029		
co_A0090	co#UIA112		
co_A0090	co#UIA131		
co_A0105	co#UIA007		
co_A0105	co#UIA029		
co_A0105	co#UIA112		
co_A0105	co#UIA131		
co_A0122	co#UIA007		
co_A0122	co#UIA029		
co_A0122	co#UIA112		
co_A0122	co#UIA131		
co_A0127	co#UIA007		
co_A0127	co#UIA029		
co_A0127	co#UIA112		
co_A0127	co#UIA131		
co_A0128	co#UIA007		
co_A0128	co#UIA029		
co_A0128	co#UIA112		
co_A0128	co#UIA131		
co_A0142	co#UIA007		
co_A0142	co#UIA029		
co_A0142	co#UIA112		
co_A0142	co#UIA131		
co_A0151	co#UIA007		
co_A0151	co#UIA029		
co_A0151	co#UIA112		
co_A0151	co#UIA131		
co_A0156	co#UIA007		
co_A0156	co#UIA029		
co_A0156	co#UIA112		
co_A0156	co#UIA131		
co_A0162	co#UIA007		
co_A0162	co#UIA029		
co_A0162	co#UIA112		
co_A0162	co#UIA131		
co_A0164	co#UIA007		
co_A0164	co#UIA029		
co_A0164	co#UIA112		
co_A0164	co#UIA131		
co_A0169	co#UIA007		
co_A0169	co#UIA029		
co_A0169	co#UIA112		
co_A0169	co#UIA131		
co_A0174	co#UIA007		
co_A0174	co#UIA029		
co_A0174	co#UIA112		
co_A0174	co#UIA131		
co_A0177	co#UIA007		
co_A0177	co#UIA029		
co_A0177	co#UIA112		
co_A0177	co#UIA131		
co_A0179	co#UIA007		
co_A0179	co#UIA029		
co_A0179	co#UIA112		
co_A0179	co#UIA131		
co_A0181	co#UIA007		
co_A0181	co#UIA029		
co_A0181	co#UIA112		
co_A0181	co#UIA131		
co_A0186	co#UIA007		
co_A0186	co#UIA029		
co_A0186	co#UIA112		
co_A0186	co#UIA131		
co_A0187	co#UIA007		
co_A0187	co#UIA029		
co_A0187	co#UIA112		
co_A0187	co#UIA131		
co_A0189	co#UIA007		
co_A0189	co#UIA029		
co_A0189	co#UIA112		
co_A0189	co#UIA131		
co_A0191	co#UIA007		
co_A0191	co#UIA029		
co_A0191	co#UIA112		
co_A0191	co#UIA131		
co_A0193	co#UIA007		
co_A0193	co#UIA029		
co_A0193	co#UIA112		
co_A0193	co#UIA131		
co_A0216	co#UIA007		
co_A0216	co#UIA029		
co_A0216	co#UIA112		
co_A0216	co#UIA131		
co_A0218	co#UIA007		
co_A0218	co#UIA029		
co_A0218	co#UIA112		
co_A0218	co#UIA131		
co_A0222	co#UIA007		
co_A0222	co#UIA029		
co_A0222	co#UIA112		
co_A0222	co#UIA131		
co_A0224	co#UIA007		
co_A0224	co#UIA029		
co_A0224	co#UIA112		
co_A0224	co#UIA131		
co_A0226	co#UIA007		
co_A0226	co#UIA029		
co_A0226	co#UIA112		
co_A0226	co#UIA131		
co_A0234	co#UIA007		
co_A0234	co#UIA029		
co_A0234	co#UIA112		
co_A0234	co#UIA131		
co_A0239	co#UIA007		
co_A0239	co#UIA029		
co_A0239	co#UIA112		
co_A0239	co#UIA131		
co_A0240	co#UIA007		
co_A0240	co#UIA029		
co_A0240	co#UIA112		
co_A0240	co#UIA131		
co_A0242	co#UIA007		
co_A0242	co#UIA029		
co_A0242	co#UIA112		
co_A0242	co#UIA131		
co_A0243	co#UIA007		
co_A0243	co#UIA029		
co_A0243	co#UIA112		
co_A0243	co#UIA131		
co_A0249	co#UIA007		
co_A0249	co#UIA029		
co_A0249	co#UIA112		
co_A0249	co#UIA131		
co_A0255	co#UIA007		
co_A0255	co#UIA029		
co_A0255	co#UIA112		
co_A0255	co#UIA131		
co_A0261	co#UIA007		
co_A0261	co#UIA029		
co_A0261	co#UIA112		
co_A0261	co#UIA131		
co_A0272	co#UIA007		
co_A0272	co#UIA029		
co_A0272	co#UIA112		
co_A0272	co#UIA131		
co_A0275	co#UIA007		
co_A0275	co#UIA029		
co_A0275	co#UIA112		
co_A0275	co#UIA131		
co_A0283	co#UIA007		
co_A0283	co#UIA029		
co_A0283	co#UIA112		
co_A0283	co#UIA131		
co_A0286	co#UIA007		
co_A0286	co#UIA029		
co_A0286	co#UIA112		
co_A0286	co#UIA131		
co_A0292	co#UIA007		
co_A0292	co#UIA029		
co_A0292	co#UIA112		
co_A0292	co#UIA131		
co_A0295	co#UIA007		
co_A0295	co#UIA029		
co_A0295	co#UIA112		
co_A0295	co#UIA131		
co_A0300	co#UIA007		
co_A0300	co#UIA029		
co_A0300	co#UIA112		
co_A0300	co#UIA131		
co_A0301	co#UIA007		
co_A0301	co#UIA029		
co_A0301	co#UIA112		
co_A0301	co#UIA131		
co_A0318	co#UIA007		
co_A0318	co#UIA029		
co_A0318	co#UIA112		
co_A0318	co#UIA131		
co_I0005	co#UIA007		
co_I0005	co#UIA029		
co_I0005	co#UIA131		
co_I0005	co#UIS487		
co_I0005	co#UIS666		
co_I0006	co#UIA007		
co_I0006	co#UIA029		
co_I0006	co#UIA131		
co_I0006	co#UIS487		
co_I0006	co#UIS666		
co_I0009	co#UIA007		
co_I0009	co#UIA029		
co_I0009	co#UIA131		
co_I0009	co#UIS487		
co_I0009	co#UIS666		
co_I0010	co#UIA007		
co_I0010	co#UIA029		
co_I0010	co#UIA131		
co_I0010	co#UIS487		
co_I0010	co#UIS666		
co_I0011	co#UIA007		
co_I0011	co#UIA029		
co_I0011	co#UIA131		
co_I0011	co#UIS487		
co_I0011	co#UIS666		
co_I0012	co#UIA007		
co_I0012	co#UIA029		
co_I0012	co#UIA131		
co_I0012	co#UIS487		
co_I0012	co#UIS666		
co_I0013	co#UIA007		
co_I0013	co#UIA029		
co_I0013	co#UIA131		
co_I0013	co#UIS487		
co_I0013	co#UIS666		
co_I0015	co#UIA007		
co_I0015	co#UIA029		
co_I0015	co#UIA131		
co_I0015	co#UIS487		
co_I0015	co#UIS666		
co_I0021	co#UIA007		
co_I0021	co#UIA029		
co_I0021	co#UIA131		
co_I0021	co#UIS487		
co_I0021	co#UIS666		
co_I0022	co#UIA007		
co_I0022	co#UIA029		
co_I0022	co#UIA131		
co_I0022	co#UIS487		
co_I0022	co#UIS666		
co_I0023	co#UIA007		
co_I0023	co#UIA029		
co_I0023	co#UIA131		
co_I0023	co#UIS487		
co_I0023	co#UIS666		
co_I0035	co#UIA007		
co_I0035	co#UIA029		
co_I0035	co#UIA131		
co_I0035	co#UIS334		
co_I0035	co#UIS344		
co_I0035	co#UIS487		
co_I0035	co#UIS666		
co_I0035	co#UIS767		
co_I0035	co#UIS768		
co_I0040	co#UIA007		
co_I0040	co#UIA029		
co_I0040	co#UIA131		
co_I0040	co#UIS487		
co_I0040	co#UIS666		
co_I0042	co#UIA007		
co_I0042	co#UIA029		
co_I0042	co#UIA131		
co_I0042	co#UIS487		
co_I0042	co#UIS666		
co_I0043	co#UIA007		
co_I0043	co#UIA029		
co_I0043	co#UIA131		
co_I0043	co#UIS334		
co_I0043	co#UIS487		
co_I0043	co#UIS666		
co_I0045	co#UIA007		
co_I0045	co#UIA029		
co_I0045	co#UIA131		
co_I0045	co#UIS487		
co_I0045	co#UIS666		
co_I0047	co#UIA007		
co_I0047	co#UIA029		
co_I0047	co#UIA131		
co_I0047	co#UIS487		
co_I0047	co#UIS666		
co_I0053	co#UIA007		
co_I0053	co#UIA029		
co_I0053	co#UIA131		
co_I0053	co#UIS487		
co_I0053	co#UIS666		
co_I0056	co#UIA007		
co_I0056	co#UIA029		
co_I0056	co#UIA131		
co_I0056	co#UIS487		
co_I0056	co#UIS666		
co_I0058	co#UIA007		
co_I0058	co#UIA029		
co_I0058	co#UIA131		
co_I0058	co#UIS487		
co_I0058	co#UIS666		
co_I0063	co#UIA007		
co_I0063	co#UIA029		
co_I0063	co#UIA131		
co_I0063	co#UIS487		
co_I0063	co#UIS666		
co_I0064	co#UIA007		
co_I0064	co#UIA029		
co_I0064	co#UIA131		
co_I0064	co#UIS487		
co_I0064	co#UIS666		
co_I0066	co#UIA007		
co_I0066	co#UIA029		
co_I0066	co#UIA131		
co_I0066	co#UIS487		
co_I0066	co#UIS666		
co_I0070	co#UIA007		
co_I0070	co#UIA029		
co_I0070	co#UIA131		
co_I0070	co#UIS487		
co_I0070	co#UIS666		
co_I0071	co#UIA007		
co_I0071	co#UIA029		
co_I0071	co#UIA131		
co_I0071	co#UIS487		
co_I0071	co#UIS666		
co_I0072	co#UIA007		
co_I0072	co#UIA029		
co_I0072	co#UIA131		
co_I0072	co#UIS487		
co_I0072	co#UIS666		
co_I0073	co#UIA007		
co_I0073	co#UIA029		
co_I0073	co#UIA131		
co_I0073	co#UIS487		
co_I0073	co#UIS666		
co_I0075	co#UIA007		
co_I0075	co#UIA029		
co_I0075	co#UIA131		
co_I0075	co#UIS487		
co_I0075	co#UIS666		
co_I0078	co#UIA007		
co_I0078	co#UIA029		
co_I0078	co#UIA131		
co_I0078	co#UIS487		
co_I0078	co#UIS666		
co_I0080	co#UIA007		
co_I0080	co#UIA029		
co_I0080	co#UIA131		
co_I0080	co#UIS487		
co_I0080	co#UIS666		
co_I0085	co#UIA007		
co_I0085	co#UIA029		
co_I0085	co#UIA131		
co_I0085	co#UIS487		
co_I0085	co#UIS666		
co_I0085	co_I0091		
co_I0091	co#UIA007		
co_I0091	co#UIA029		
co_I0091	co#UIA131		
co_I0091	co#UIS487		
co_I0091	co#UIS666		
co_I0094	co#UIA007		
co_I0094	co#UIA029		
co_I0094	co#UIA131		
co_I0094	co#UIS487		
co_I0094	co#UIS666		
co_I0096	co#UIA007		
co_I0096	co#UIA029		
co_I0096	co#UIA131		
co_I0096	co#UIS487		
co_I0096	co#UIS666		
co_I0097	co#UIA007		
co_I0097	co#UIA029		
co_I0097	co#UIA131		
co_I0097	co#UIS487		
co_I0097	co#UIS666		
co_I0098	co#UIA007		
co_I0098	co#UIA029		
co_I0098	co#UIA131		
co_I0098	co#UIS487		
co_I0098	co#UIS666		
co_I0100	co#UIA007		
co_I0100	co#UIA029		
co_I0100	co#UIA131		
co_I0100	co#UIS487		
co_I0100	co#UIS666		
co_I0103	co#UIA007		
co_I0103	co#UIA029		
co_I0103	co#UIA131		
co_I0103	co#UIS487		
co_I0103	co#UIS666		
co_I0104	co#UIA007		
co_I0104	co#UIA029		
co_I0104	co#UIA131		
co_I0104	co#UIS487		
co_I0104	co#UIS666		
co_I0106	co#UIA007		
co_I0106	co#UIA029		
co_I0106	co#UIA131		
co_I0106	co#UIS487		
co_I0106	co#UIS666		
co_I0108	co#UIA007		
co_I0108	co#UIA029		
co_I0108	co#UIA131		
co_I0108	co#UIS487		
co_I0108	co#UIS666		
co_I0109	co#UIA007		
co_I0109	co#UIA029		
co_I0109	co#UIA131		
co_I0109	co#UIS487		
co_I0109	co#UIS666		
co_I0110	co#UIA007		
co_I0110	co#UIA029		
co_I0110	co#UIA131		
co_I0110	co#UIS487		
co_I0110	co#UIS666		
co_I0111	co#UIA007		
co_I0111	co#UIA029		
co_I0111	co#UIA131		
co_I0111	co#UIS487		
co_I0111	co#UIS666		
co_I0112	co#UIA007		
co_I0112	co#UIA029		
co_I0112	co#UIA131		
co_I0112	co#UIS487		
co_I0112	co#UIS666		
co_I0113	co#UIA007		
co_I0113	co#UIA029		
co_I0113	co#UIA131		
co_I0113	co#UIS407		
co_I0113	co#UIS487		
co_I0113	co#UIS666		
co_I0115	co#UIA007		
co_I0115	co#UIA029		
co_I0115	co#UIA131		
co_I0115	co#UIS487		
co_I0115	co#UIS666		
co_I0127	co#UIA007		
co_I0127	co#UIA029		
co_I0127	co#UIA131		
co_I0127	co#UIS487		
co_I0127	co#UIS666		
co_I0129	co#UIA007		
co_I0129	co#UIA029		
co_I0129	co#UIA131		
co_I0129	co#UIS487		
co_I0129	co#UIS666		
co_I0135	co#UIA007		
co_I0135	co#UIA029		
co_I0135	co#UIA131		
co_I0135	co#UIS487		
co_I0135	co#UIS666		
co_I0139	co#UIA007		
co_I0139	co#UIA029		
co_I0139	co#UIA131		
co_I0139	co#UIS487		
co_I0139	co#UIS666		
co_I0140	co#UIA007		
co_I0140	co#UIA029		
co_I0140	co#UIA131		
co_I0140	co#UIS487		
co_I0140	co#UIS666		
co_I0141	co#UIA007		
co_I0141	co#UIA029		
co_I0141	co#UIA131		
co_I0141	co#UIS487		
co_I0141	co#UIS666		
co_I0142	co#UIA007		
co_I0142	co#UIA029		
co_I0142	co#UIA131		
co_I0142	co#UIS487		
co_I0142	co#UIS666		
co_I0145	co#UIA007		
co_I0145	co#UIA029		
co_I0145	co#UIA131		
co_I0145	co#UIS487		
co_I0145	co#UIS666		
co_I0146	co#UIA007		
co_I0146	co#UIA029		
co_I0146	co#UIA131		
co_I0146	co#UIS487		
co_I0146	co#UIS666		
co_I0147	co#UIA007		
co_I0147	co#UIA029		
co_I0147	co#UIA131		
co_I0147	co#UIS487		
co_I0147	co#UIS666		
co_I0149	co#UIA007		
co_I0149	co#UIA029		
co_I0149	co#UIA131		
co_I0149	co#UIS487		
co_I0149	co#UIS666		
co_I0156	co#UIA007		
co_I0156	co#UIA029		
co_I0156	co#UIA131		
co_I0156	co#UIS487		
co_I0156	co#UIS666		
co_I0156	co#UIS788		
co_I0157	co#UIA007		
co_I0157	co#UIA029		
co_I0157	co#UIA131		
co_I0157	co#UIS487		
co_I0157	co#UIS666		
co_I0163	co#UIA007		
co_I0163	co#UIA029		
co_I0163	co#UIA131		
co_I0163	co#UIS487		
co_I0163	co#UIS666		
co_I0167	co#UIA007		
co_I0167	co#UIA029		
co_I0167	co#UIA131		
co_I0167	co#UIS487		
co_I0167	co#UIS666		
co_I0167	co#UIS843		
co_I0173	co#UIA007		
co_I0173	co#UIA029		
co_I0173	co#UIA131		
co_I0173	co#UIS487		
co_I0173	co#UIS666		
co_I0176	co#UIA007		
co_I0176	co#UIA029		
co_I0176	co#UIA131		
co_I0176	co#UIS487		
co_I0176	co#UIS666		
co_I0196	co#UIA007		
co_I0196	co#UIA029		
co_I0196	co#UIA131		
co_I0196	co#UIS487		
co_I0196	co#UIS666		
co_I0197	co#UIA007		
co_I0197	co#UIA029		
co_I0197	co#UIA131		
co_I0197	co#UIS487		
co_I0197	co#UIS666		
co_I0198	co#UIA007		
co_I0198	co#UIA029		
co_I0198	co#UIA131		
co_I0198	co#UIS487		
co_I0198	co#UIS666		
co_I0206	co#UIA007		
co_I0206	co#UIA029		
co_I0206	co#UIA131		
co_I0206	co#UIS487		
co_I0206	co#UIS666		
co_I0209	co#UIA007		
co_I0209	co#UIA029		
co_I0209	co#UIA131		
co_I0209	co#UIS487		
co_I0209	co#UIS666		
co_I0214	co#UIA007		
co_I0214	co#UIA029		
co_I0214	co#UIA131		
co_I0214	co#UIS487		
co_I0214	co#UIS666		
co_I0221	co#UIA007		
co_I0221	co#UIA029		
co_I0221	co#UIA131		
co_I0221	co#UIS487		
co_I0221	co#UIS666		
co_I0222	co#UIA007		
co_I0222	co#UIA029		
co_I0222	co#UIA131		
co_I0222	co#UIS487		
co_I0222	co#UIS666		
co_I0225	co#UIA007		
co_I0225	co#UIA029		
co_I0225	co#UIA131		
co_I0225	co#UIS487		
co_I0225	co#UIS666		
co_I0227	co#UIA007		
co_I0227	co#UIA029		
co_I0227	co#UIA131		
co_I0227	co#UIS487		
co_I0227	co#UIS666		
co_I0237	co#UIA007		
co_I0237	co#UIA029		
co_I0237	co#UIA131		
co_I0237	co#UIS487		
co_I0237	co#UIS666		
co_I0239	co#UIA007		
co_I0239	co#UIA029		
co_I0239	co#UIA131		
co_I0239	co#UIS487		
co_I0239	co#UIS666		
co_I0240	co#UIA007		
co_I0240	co#UIA029		
co_I0240	co#UIA131		
co_I0240	co#UIS487		
co_I0240	co#UIS666		
co_I0244	co#UIA007		
co_I0244	co#UIA029		
co_I0244	co#UIA131		
co_I0244	co#UIS487		
co_I0244	co#UIS666		
co_I0247	co#UIA007		
co_I0247	co#UIA029		
co_I0247	co#UIA131		
co_I0247	co#UIS487		
co_I0247	co#UIS666		
co_I0248	co#UIA007		
co_I0248	co#UIA029		
co_I0248	co#UIA131		
co_I0248	co#UIS487		
co_I0248	co#UIS666		
co_I0249	co#UIA007		
co_I0249	co#UIA029		
co_I0249	co#UIA131		
co_I0249	co#UIS487		
co_I0249	co#UIS666		
co_I0255	co#UIA007		
co_I0255	co#UIA029		
co_I0255	co#UIA131		
co_I0255	co#UIS487		
co_I0255	co#UIS666		
co_I0256	co#UIA007		
co_I0256	co#UIA029		
co_I0256	co#UIA131		
co_I0256	co#UIS487		
co_I0256	co#UIS666		
co_I0257	co#UIA007		
co_I0257	co#UIA029		
co_I0257	co#UIA131		
co_I0257	co#UIS487		
co_I0257	co#UIS666		
co_I0258	co#UIA007		
co_I0258	co#UIA029		
co_I0258	co#UIA131		
co_I0258	co#UIS487		
co_I0258	co#UIS666		
co_I0259	co#UIA007		
co_I0259	co#UIA029		
co_I0259	co#UIA131		
co_I0259	co#UIS487		
co_I0259	co#UIS666		
co_I0260	co#UIA007		
co_I0260	co#UIA029		
co_I0260	co#UIA131		
co_I0260	co#UIS487		
co_I0260	co#UIS666		
co_I0270	co#UIA007		
co_I0270	co#UIA029		
co_I0270	co#UIA131		
co_I0270	co#UIS487		
co_I0270	co#UIS666		
co_I0272	co#UIA007		
co_I0272	co#UIA029		
co_I0272	co#UIA131		
co_I0272	co#UIS487		
co_I0272	co#UIS666		
co_I0274	co#UIA007		
co_I0274	co#UIA029		
co_I0274	co#UIA131		
co_I0274	co#UIS487		
co_I0274	co#UIS666		
co_I0286	co#UIA007		
co_I0286	co#UIA029		
co_I0286	co#UIA131		
co_I0286	co#UIS487		
co_I0286	co#UIS666		
co_I0287	co#UIA007		
co_I0287	co#UIA029		
co_I0287	co#UIA131		
co_I0287	co#UIS487		
co_I0287	co#UIS666		
co_I0294	co#UIA007		
co_I0294	co#UIA029		
co_I0294	co#UIA131		
co_I0294	co#UIS487		
co_I0294	co#UIS666		
co_I0295	co#UIA007		
co_I0295	co#UIA029		
co_I0295	co#UIA131		
co_I0295	co#UIS487		
co_I0295	co#UIS666		
co_I0298	co#UIA007		
co_I0298	co#UIA029		
co_I0298	co#UIA131		
co_I0298	co#UIS487		
co_I0298	co#UIS666		
co_I0304	co#UIA007		
co_I0304	co#UIA029		
co_I0304	co#UIA131		
co_I0304	co#UIS487		
co_I0304	co#UIS666		
co_I0306	co#UIA007		
co_I0306	co#UIA029		
co_I0306	co#UIA131		
co_I0306	co#UIS487		
co_I0306	co#UIS666		
co_I0306A	co#UIA007		
co_I0306A	co#UIA029		
co_I0306A	co#UIA131		
co_I0306A	co#UIS487		
co_I0306A	co#UIS666		
co_I0306B	co#UIA007		
co_I0306B	co#UIA029		
co_I0306B	co#UIA131		
co_I0306B	co#UIS487		
co_I0306B	co#UIS666		
co_I0306C	co#UIA007		
co_I0306C	co#UIA029		
co_I0306C	co#UIA131		
co_I0306C	co#UIS487		
co_I0306C	co#UIS666		
co_I0306D	co#UIA007		
co_I0306D	co#UIA029		
co_I0306D	co#UIA131		
co_I0306D	co#UIS487		
co_I0306D	co#UIS666		
co_I0306E	co#UIA007		
co_I0306E	co#UIA029		
co_I0306E	co#UIA131		
co_I0306E	co#UIS487		
co_I0306E	co#UIS666		
co_I0306G	co#UIA007		
co_I0306G	co#UIA029		
co_I0306G	co#UIA131		
co_I0306G	co#UIS487		
co_I0306G	co#UIS666		
co_I0308	co#UIA007		
co_I0308	co#UIA029		
co_I0308	co#UIA131		
co_I0308	co#UIS487		
co_I0308	co#UIS666		
co_I0308A	co#UIA007		
co_I0308A	co#UIA029		
co_I0308A	co#UIA131		
co_I0308A	co#UIS487		
co_I0308A	co#UIS666		
co_I0308B	co#UIA007		
co_I0308B	co#UIA029		
co_I0308B	co#UIA131		
co_I0308B	co#UIS487		
co_I0308B	co#UIS666		
co_I0308C	co#UIA007		
co_I0308C	co#UIA029		
co_I0308C	co#UIA131		
co_I0308C	co#UIS487		
co_I0308C	co#UIS666		
co_I0308D	co#UIA007		
co_I0308D	co#UIA029		
co_I0308D	co#UIA131		
co_I0308D	co#UIS487		
co_I0308D	co#UIS666		
co_I0308E	co#UIA007		
co_I0308E	co#UIA029		
co_I0308E	co#UIA131		
co_I0308E	co#UIS487		
co_I0308E	co#UIS666		
co_I0308G	co#UIA007		
co_I0308G	co#UIA029		
co_I0308G	co#UIA131		
co_I0308G	co#UIS487		
co_I0308G	co#UIS666		
co_I0309	co#UIA007		
co_I0309	co#UIA029		
co_I0309	co#UIA131		
co_I0309	co#UIS487		
co_I0309	co#UIS666		
co_I0317	co#UIA007		
co_I0317	co#UIA029		
co_I0317	co#UIA131		
co_I0317	co#UIS487		
co_I0317	co#UIS666		
co_I0322	co#UIA007		
co_I0322	co#UIA029		
co_I0322	co#UIA131		
co_I0322	co#UIS487		
co_I0322	co#UIS666		
co_I0322	co#UIS748		
co_I0322	co#UIS749		
co_I0324	co#UIA007		
co_I0324	co#UIA029		
co_I0324	co#UIA131		
co_I0324	co#UIS487		
co_I0324	co#UIS666		
co_I0325	co#UIA007		
co_I0325	co#UIA029		
co_I0325	co#UIA131		
co_I0325	co#UIS487		
co_I0325	co#UIS666		
co_I0336	co#UIA007		
co_I0336	co#UIA029		
co_I0336	co#UIA131		
co_I0336	co#UIS487		
co_I0336	co#UIS666		
co_I0337	co#UIA007		
co_I0337	co#UIA029		
co_I0337	co#UIA131		
co_I0337	co#UIS487		
co_I0337	co#UIS666		
co_I0362	co#UIA007		
co_I0362	co#UIA029		
co_I0362	co#UIA131		
co_I0362	co#UIS487		
co_I0362	co#UIS666		
co_I0372	co#UIA007		
co_I0372	co#UIA029		
co_I0372	co#UIA112		
co_I0372	co#UIA131		
co_I0372	co#UIS487		
co_I0372	co#UIS666		
co_I0373	co#UIA007		
co_I0373	co#UIA029		
co_I0373	co#UIA131		
co_I0373	co#UIS487		
co_I0373	co#UIS666		
co_I0439	co#UIA007		
co_I0439	co#UIA029		
co_I0439	co#UIA131		
co_I0439	co#UIS487		
co_I0439	co#UIS666		
co_IS005	co#UIA007		
co_IS005	co#UIA029		
co_IS005	co#UIA131		
co_IS005	co#UIS487		
co_IS005	co#UIS666		
co_IS011	co#UIA007		
co_IS011	co#UIA029		
co_IS011	co#UIA131		
co_IS011	co#UIS487		
co_IS011	co#UIS666		
co_IS012	co#UIA007		
co_IS012	co#UIA029		
co_IS012	co#UIA131		
co_IS012	co#UIS487		
co_IS012	co#UIS666		
co_IS014	co#UIA007		
co_IS014	co#UIA029		
co_IS014	co#UIA131		
co_IS014	co#UIS487		
co_IS014	co#UIS666		
co_IS015	co#UIA007		
co_IS015	co#UIA029		
co_IS015	co#UIA131		
co_IS015	co#UIS487		
co_IS015	co#UIS666		
co_IS016	co#UIA007		
co_IS016	co#UIA029		
co_IS016	co#UIA131		
co_IS016	co#UIS487		
co_IS016	co#UIS666		
co_IS019	co#UIA007		
co_IS019	co#UIA029		
co_IS019	co#UIA131		
co_IS019	co#UIS487		
co_IS019	co#UIS666		
co_IS020	co#UIA007		
co_IS020	co#UIA029		
co_IS020	co#UIA131		
co_IS020	co#UIS487		
co_IS020	co#UIS666		
co_IS023	co#UIA007		
co_IS023	co#UIA029		
co_IS023	co#UIA131		
co_IS023	co#UIS487		
co_IS023	co#UIS666		
co_IS024	co#UIA007		
co_IS024	co#UIA029		
co_IS024	co#UIA131		
co_IS024	co#UIS487		
co_IS024	co#UIS666		
co_IS027	co#UIA007		
co_IS027	co#UIA029		
co_IS027	co#UIA131		
co_IS027	co#UIS487		
co_IS027	co#UIS666		
co_IS028	co#UIA007		
co_IS028	co#UIA029		
co_IS028	co#UIA131		
co_IS028	co#UIS487		
co_IS028	co#UIS666		
co_IS031	co#UIA007		
co_IS031	co#UIA029		
co_IS031	co#UIA131		
co_IS031	co#UIS487		
co_IS031	co#UIS666		
co_IS032	co#UIA007		
co_IS032	co#UIA029		
co_IS032	co#UIA131		
co_IS032	co#UIS487		
co_IS032	co#UIS666		
co_IS048	co#UIA007		
co_IS048	co#UIA029		
co_IS048	co#UIA131		
co_IS048	co#UIS487		
co_IS048	co#UIS666		
co_IS051	co#UIA007		
co_IS051	co#UIA029		
co_IS051	co#UIA131		
co_IS051	co#UIS487		
co_IS051	co#UIS666		
co_IS057	co#UIA007		
co_IS057	co#UIA029		
co_IS057	co#UIA131		
co_IS057	co#UIS487		
co_IS057	co#UIS666		
co_IS060	co#UIA007		
co_IS060	co#UIA029		
co_IS060	co#UIA131		
co_IS060	co#UIS487		
co_IS060	co#UIS666		
co_IS061	co#UIA007		
co_IS061	co#UIA029		
co_IS061	co#UIA131		
co_IS061	co#UIS487		
co_IS061	co#UIS666		
co_IS066	co#UIA007		
co_IS066	co#UIA029		
co_IS066	co#UIA131		
co_IS066	co#UIS487		
co_IS066	co#UIS666		
co_IS067	co#UIA007		
co_IS067	co#UIA029		
co_IS067	co#UIA131		
co_IS067	co#UIS487		
co_IS067	co#UIS666		
co_IS070	co#UIA007		
co_IS070	co#UIA029		
co_IS070	co#UIA131		
co_IS070	co#UIS487		
co_IS070	co#UIS666		
co_IS071	co#UIA007		
co_IS071	co#UIA029		
co_IS071	co#UIA131		
co_IS071	co#UIS487		
co_IS071	co#UIS666		
co_IS076	co#UIA007		
co_IS076	co#UIA029		
co_IS076	co#UIA131		
co_IS076	co#UIS487		
co_IS076	co#UIS666		
co_IS079	co#UIA007		
co_IS079	co#UIA029		
co_IS079	co#UIA131		
co_IS079	co#UIS487		
co_IS079	co#UIS666		
co_IS080	co#UIA007		
co_IS080	co#UIA029		
co_IS080	co#UIA131		
co_IS080	co#UIS487		
co_IS080	co#UIS666		
co_IS083	co#UIA007		
co_IS083	co#UIA029		
co_IS083	co#UIA131		
co_IS083	co#UIS487		
co_IS083	co#UIS666		
co_IS084	co#UIA007		
co_IS084	co#UIA029		
co_IS084	co#UIA131		
co_IS084	co#UIS487		
co_IS084	co#UIS666		
co_IS100	co#UIA007		
co_IS100	co#UIA029		
co_IS100	co#UIA131		
co_IS100	co#UIS487		
co_IS100	co#UIS666		
co_IS102	co#UIA007		
co_IS102	co#UIA029		
co_IS102	co#UIA131		
co_IS102	co#UIS487		
co_IS102	co#UIS666		
